INSTITUTE,ID.NUM,SPP,COUNTY/ST,LOCATION,QUARTILE,LAT,LONG,BASIN,WATERSHED,SAMPLING DATE,MEASUREMENT DATE,PHOTO DATE,TAG #,D,P1,P2-L,P2-R,A,P1-R,LLSC,SALL,SBLL,SBDF,TL,SL,BD,CPD,CPL,PreDL,DbL,HL,HD,HW,SnL,OL,FLA
TNHC,47942,p.latipinna,Nueces/TX,ditch crossing SH 361 @ Howard Blvd,Q2,27.8188,-97.0734,Nueces-Rio Grande,Frontal Corpus Christi Bay,24-09-11,20-03-19,,AD19-001,14,14,6,6,9,14,26,3,5,9,54.8,41.7,15.6,7.8,12.6,22.3,11.3,10,10.5,9.2,3.7,3.5,1
TNHC,47942,p.latipinna,Nueces/TX,ditch crossing SH 361 @ Howard Blvd,Q2,27.8188,-97.0734,Nueces-Rio Grande,Frontal Corpus Christi Bay,24-09-11,15-03-19,,AD19-002,14,14,6,6,9,14,25,2,5,9,53,42.9,14.9,8.5,13,20.9,11.2,13.3,9.5,8.3,3.7,3.4,1
TNHC,47942,p.latipinna,Nueces/TX,ditch crossing SH 361 @ Howard Blvd,Q2,27.8188,-97.0734,Nueces-Rio Grande,Frontal Corpus Christi Bay,24-09-11,15-03-19,,AD19-003,13,13,6,6,9,13,26,3,5,8,68.2,52.9,16,9.6,16.7,25.9,13,14,11,10.2,4.4,3.7,1
TNHC,47942,p.latipinna,Nueces/TX,ditch crossing SH 361 @ Howard Blvd,Q2,27.8188,-97.0734,Nueces-Rio Grande,Frontal Corpus Christi Bay,24-09-11,15-03-19,,AD19-004,14,13,6,6,9,13,26,4,5,9,41.1,32.7,11.3,5.9,10.2,16.9,8.2,10,7.3,6.7,2.6,2.6,1
TNHC,47942,p.latipinna,Nueces/TX,ditch crossing SH 361 @ Howard Blvd,Q2,27.8188,-97.0734,Nueces-Rio Grande,Frontal Corpus Christi Bay,24-09-11,18-03-19,,AD19-005,14,13,6,6,9,13,26,3,5,8,53.1,42.2,13.4,7,12.8,21.1,10.7,9.2,9.5,8.1,2.8,3.3,1
TNHC,47942,p.latipinna,Nueces/TX,ditch crossing SH 361 @ Howard Blvd,Q2,27.8188,-97.0734,Nueces-Rio Grande,Frontal Corpus Christi Bay,24-09-11,18-03-19,,AD19-006,14,13,6,6,NA,13,26,3,5,9,50.9,40,13.7,8,11.9,20.5,11,9.2,10.7,8.4,2.8,3.1,1
TNHC,47942,p.latipinna,Nueces/TX,ditch crossing SH 361 @ Howard Blvd,Q2,27.8188,-97.0734,Nueces-Rio Grande,Frontal Corpus Christi Bay,24-09-11,18-03-19,,AD19-007,14,13,6,6,9,13,26,4,5,9,42.4,33.1,12.3,5.9,9.5,18.3,8.7,8.5,8.2,7.2,3.3,2.9,1
TNHC,47942,p.latipinna,Nueces/TX,ditch crossing SH 361 @ Howard Blvd,Q2,27.8188,-97.0734,Nueces-Rio Grande,Frontal Corpus Christi Bay,24-09-11,18-03-19,,AD19-008,14,13,6,6,9,13,25,4,5,9,40.8,33.3,10.9,5.1,10.1,17.5,7.5,7.7,8.1,6.6,3.2,2.7,1
TNHC,47942,p.latipinna,Nueces/TX,ditch crossing SH 361 @ Howard Blvd,Q2,27.8188,-97.0734,Nueces-Rio Grande,Frontal Corpus Christi Bay,24-09-11,18-03-19,,AD19-009,13,13,6,6,9,13,26,4,5,10,44.1,34.7,11.1,6.2,10.2,18.3,8.9,8.3,8.5,6.8,3.2,3.1,1
TNHC,47942,p.latipinna,Nueces/TX,ditch crossing SH 361 @ Howard Blvd,Q2,27.8188,-97.0734,Nueces-Rio Grande,Frontal Corpus Christi Bay,24-09-11,18-03-19,,AD19-010,13,13,6,6,10,12,26,4,5,8,51.5,41.4,13.6,7.6,12.7,21,10.5,8.8,9.5,8.3,3.8,3.6,2
TNHC,47942,p.latipinna,Nueces/TX,ditch crossing SH 361 @ Howard Blvd,Q2,27.8188,-97.0734,Nueces-Rio Grande,Frontal Corpus Christi Bay,24-09-11,18-03-19,,AD19-011,13,12,6,6,9,12,24,3,5,9,51.9,41.7,13.5,7.7,12.5,20.7,10.3,9.4,9.7,8,3.2,3.8,1
TNHC,47942,p.latipinna,Nueces/TX,ditch crossing SH 361 @ Howard Blvd,Q2,27.8188,-97.0734,Nueces-Rio Grande,Frontal Corpus Christi Bay,24-09-11,18-03-19,,AD19-012,14,13,6,6,9,13,23,3,5,8,39.2,30.1,10.6,5.7,8.2,16.2,6.9,7.3,7.3,6.3,3,2.7,1
TNHC,47942,p.latipinna,Nueces/TX,ditch crossing SH 361 @ Howard Blvd,Q2,27.8188,-97.0734,Nueces-Rio Grande,Frontal Corpus Christi Bay,24-09-11,18-03-19,,AD19-013,15,13,6,6,10,13,23,4,5,9,40.5,31.8,10.6,5.4,9.7,17,8.2,7.5,7.3,6.5,3,2.8,1
TNHC,47942,p.latipinna,Nueces/TX,ditch crossing SH 361 @ Howard Blvd,Q2,27.8188,-97.0734,Nueces-Rio Grande,Frontal Corpus Christi Bay,24-09-11,19-03-19,,AD19-014,13,13,6,6,8,13,21,3,5,9,52.5,40.1,13.7,8.2,12.4,20.8,11.5,7.4,9,8.5,3.8,3.2,1
TNHC,47942,p.latipinna,Nueces/TX,ditch crossing SH 361 @ Howard Blvd,Q2,27.8188,-97.0734,Nueces-Rio Grande,Frontal Corpus Christi Bay,24-09-11,19-03-19,,AD19-015,13,13,6,6,9,13,25,3,5,9,52.5,39.7,13.9,7.6,12.7,19.9,10.1,8.6,9.5,8.3,3.6,3.6,1
TNHC,47942,p.latipinna,Nueces/TX,ditch crossing SH 361 @ Howard Blvd,Q2,27.8188,-97.0734,Nueces-Rio Grande,Frontal Corpus Christi Bay,24-09-11,19-03-19,,AD19-016,15,13,6,6,10,13,24,3,5,8,41.1,32.4,11.8,5.7,9.3,16.2,8.6,6.9,7.1,6.9,3.1,2.9,1
TNHC,47942,p.latipinna,Nueces/TX,ditch crossing SH 361 @ Howard Blvd,Q2,27.8188,-97.0734,Nueces-Rio Grande,Frontal Corpus Christi Bay,24-09-11,19-03-19,,AD19-017,14,12,6,6,9,12,25,4,5,9,39.7,30.7,11.8,5.2,9.4,16.3,7.9,7.5,7.5,6.5,3.1,2.9,1
TNHC,47942,p.latipinna,Nueces/TX,ditch crossing SH 361 @ Howard Blvd,Q2,27.8188,-97.0734,Nueces-Rio Grande,Frontal Corpus Christi Bay,24-09-11,19-03-19,,AD19-018,14,14,6,6,9,14,25,3,5,8,51.8,40.3,13.3,7.4,11.9,20.5,11.4,9.9,9.5,8.2,4.1,3.3,1
TNHC,47942,p.latipinna,Nueces/TX,ditch crossing SH 361 @ Howard Blvd,Q2,27.8188,-97.0734,Nueces-Rio Grande,Frontal Corpus Christi Bay,24-09-11,19-03-19,,AD19-019,15,13,6,6,9,13,26,4,5,8,41.6,31.7,11.1,5.4,9,17,7.7,7.9,7.3,6.7,3,3,1
TNHC,47942,p.latipinna,Nueces/TX,ditch crossing SH 361 @ Howard Blvd,Q2,27.8188,-97.0734,Nueces-Rio Grande,Frontal Corpus Christi Bay,24-09-11,19-03-19,,AD19-020,13,13,6,6,9,14,25,4,5,8,52.3,39.8,14.6,7.6,11.8,20.3,9.8,9.1,9.5,9,4.3,3.4,2
TNHC,47942,p.latipinna,Nueces/TX,ditch crossing SH 361 @ Howard Blvd,Q2,27.8188,-97.0734,Nueces-Rio Grande,Frontal Corpus Christi Bay,24-09-11,20-03-19,,AD19-021,13,13,6,6,9,13,26,4,5,10,53.5,41.1,15,7.4,11.6,21.7,11,9.7,9.6,8.6,3.6,3.2,1
TNHC,47942,p.latipinna,Nueces/TX,ditch crossing SH 361 @ Howard Blvd,Q2,27.8188,-97.0734,Nueces-Rio Grande,Frontal Corpus Christi Bay,24-09-11,20-03-19,,AD19-022,13,14,6,6,9,13,25,3,5,10,51.8,39.7,13,8,11.7,20.6,10.7,9,9,7.7,3.7,3.1,2
TNHC,47942,p.latipinna,Nueces/TX,ditch crossing SH 361 @ Howard Blvd,Q2,27.8188,-97.0734,Nueces-Rio Grande,Frontal Corpus Christi Bay,24-09-11,20-03-19,,AD19-023,13,13,6,6,10,13,25,4,5,9,52.6,41.4,14.5,8,12.1,21.5,10.8,8.9,9.5,8.3,3.9,3.2,1
TNHC,47942,p.latipinna,Nueces/TX,ditch crossing SH 361 @ Howard Blvd,Q2,27.8188,-97.0734,Nueces-Rio Grande,Frontal Corpus Christi Bay,24-09-11,20-03-19,,AD19-024,14,13,6,6,9,14,25,4,6,9,53.7,41.3,15.9,8.3,12.3,21.8,11.8,8.7,9.6,8.9,4.1,3.7,2
TNHC,47942,p.latipinna,Nueces/TX,ditch crossing SH 361 @ Howard Blvd,Q2,27.8188,-97.0734,Nueces-Rio Grande,Frontal Corpus Christi Bay,24-09-11,20-03-19,,AD19-025,14,14,6,6,10,14,25,4,6,9,38.4,29.9,10.7,5.2,8.8,15.9,7.7,6,6.7,6.2,3.5,3,1
TNHC,42610,p.latipinna,Nueces/TX,"petronila creek, 60-100m downstream from us77",Q2,27.6825,-97.7431,Nueces-Rio Grande,Petronila Creek,14-03-19,24-03-19,,AD19-051,14,13,6,6,10,14,26,4,6,8,61,45,17,9,13,23,14,10,10,9,4,4,2
TNHC,42610,p.latipinna,Nueces/TX,"petronila creek, 60-100m downstream from us77",Q2,27.6825,-97.7431,Nueces-Rio Grande,Petronila Creek,14-03-19,24-03-19,,AD19-052,15,14,6,6,10,14,24,4,6,8,60,44,17,9,13,22,15,10,11,9,3,4,1
TNHC,42610,p.latipinna,Nueces/TX,"petronila creek, 60-100m downstream from us77",Q2,27.6825,-97.7431,Nueces-Rio Grande,Petronila Creek,14-03-19,24-03-19,,AD19-053,15,14,6,6,10,13,22,4,5,8,56,40,17,9,11,21,13,9,9,9,4,4,2
TNHC,33245,p.latipinna,Hildalgo/TX,"N floodway Llano Grande, ditch",Q1,26.07,-97.9612,Nueces-Rio Grande,Middle Arroyo Colorado,11-04-01,09-02-22,,AD20-086,13,13,6,6,10,13,24,4,3,9,41.1,34.7,11,6.7,10.2,17.2,8.9,7.4,8.6,6.6,2.9,2.7,1
TNHC,33245,p.latipinna,Hildalgo/TX,"N floodway Llano Grande, ditch",Q1,26.07,-97.9612,Nueces-Rio Grande,Middle Arroyo Colorado,11-04-01,09-02-22,,AD20-087,13,14,6,6,10,14,22,3,3,9,41.6,32.6,9.5,5.5,9.7,16.7,8.7,6.9,7.6,6,2.2,3.2,1
TNHC,33245,p.latipinna,Hildalgo/TX,"N floodway Llano Grande, ditch",Q1,26.07,-97.9612,Nueces-Rio Grande,Middle Arroyo Colorado,11-04-01,09-02-22,,AD20-088,13,13,6,6,10,13,23,3,5,8,42.9,32.4,11.7,5.6,9.3,17,9.8,7.8,7.9,6.8,2.3,2.9,1
TNHC,61118,p.latipinna,Calhoun/TX,Hog Bayou W of SH 35 @ boat ramp,Q2,28.4966,-96.8436,Lavaca-Guadalupe,Black Bayou-Green Lake,28-04-16,23-02-22,,AD22-020,13,14,6,6,10,14,24,3,5,8,49.5,40.5,12.2,6,11.8,20,10.3,8.3,7.8,7.1,3.3,3.1,1
TNHC,61118,p.latipinna,Calhoun/TX,Hog Bayou W of SH 35 @ boat ramp,Q2,28.4966,-96.8436,Lavaca-Guadalupe,Black Bayou-Green Lake,28-04-16,23-02-22,,AD22-021,13,14,6,6,10,14,25,3,5,8,50.8,40.1,13,6.7,12.6,20.8,10.8,8.5,7.7,7,3.2,3.2,1
TNHC,61118,p.latipinna,Calhoun/TX,Hog Bayou W of SH 35 @ boat ramp,Q2,28.4966,-96.8436,Lavaca-Guadalupe,Black Bayou-Green Lake,28-04-16,23-02-22,,AD22-022,13,14,6,6,10,13,25,3,5,9,44.7,34.4,11.8,5.6,9.5,18.2,8.3,9,6.8,6.4,2.7,2.8,2
TNHC,68506,p.latipinna,Brazoria/TX,Cocklebur Slough,Q3,28.88297,-95.58666,Brazos-Colorado,East Matagorda Bay,16-10-18,13-05-22,,AD22-038,14,14,6,6,10,14,24,3,5,9,35.4,29.5,9.2,4.9,9.1,15.6,7,7.3,7,4.9,2.5,2.7,1
TNHC,68506,p.latipinna,Brazoria/TX,Cocklebur Slough,Q3,28.88297,-95.58666,Brazos-Colorado,East Matagorda Bay,16-10-18,13-05-22,,AD22-039,14,13,6,6,10,14,23,3,5,9,32.8,25.7,8.9,4.6,7.8,14.1,5.7,7.6,6.5,4.8,1.8,2.7,2
TNHC,68506,p.latipinna,Brazoria/TX,Cocklebur Slough,Q3,28.88297,-95.58666,Brazos-Colorado,East Matagorda Bay,16-10-18,13-05-22,,AD22-040,13,13,6,6,10,13,25,3,5,9,38.9,30.8,10.5,6,8.5,16.1,8.8,8.2,7.1,5.8,2.7,2.9,1
TNHC,68506,p.latipinna,Brazoria/TX,Cocklebur Slough,Q3,28.88297,-95.58666,Brazos-Colorado,East Matagorda Bay,16-10-18,13-05-22,,AD22-041,14,13,6,6,9,14,24,3,5,9,35.6,28.9,9.2,4.9,9.1,14.7,6.6,7.7,6.3,5.2,3,2.6,2
TNHC,68506,p.latipinna,Brazoria/TX,Cocklebur Slough,Q3,28.88297,-95.58666,Brazos-Colorado,East Matagorda Bay,16-10-18,13-05-22,,AD22-042,13,13,6,6,10,14,24,3,4,9,35,28.3,8.9,5.2,9.3,14.7,6.9,6.9,5.9,5.5,2.8,2.9,2
TNHC,68506,p.latipinna,Brazoria/TX,Cocklebur Slough,Q3,28.88297,-95.58666,Brazos-Colorado,East Matagorda Bay,16-10-18,13-05-22,,AD22-043,13,13,6,6,9,14,24,4,5,8,32.2,26,8.3,4.2,8,14,7.1,6.2,5.9,5.1,2.6,2.8,2
TNHC,68506,p.latipinna,Brazoria/TX,Cocklebur Slough,Q3,28.88297,-95.58666,Brazos-Colorado,East Matagorda Bay,16-10-18,13-05-22,,AD22-044,14,13,6,6,10,13,25,3,5,9,35.8,28.9,9.1,5,9.7,16.2,6.6,7.2,6.5,5.3,2.5,3.1,1
TNHC,68506,p.latipinna,Brazoria/TX,Cocklebur Slough,Q3,28.88297,-95.58666,Brazos-Colorado,East Matagorda Bay,16-10-18,13-05-22,,AD22-045,13,14,6,6,10,14,25,3,4,8,35.5,27.3,9.4,5,8.7,14.8,6.1,7.4,6.6,5.3,2.4,2.5,1
TNHC,68506,p.latipinna,Brazoria/TX,Cocklebur Slough,Q3,28.88297,-95.58666,Brazos-Colorado,East Matagorda Bay,16-10-18,13-05-22,,AD22-046,13,14,6,6,10,14,25,3,5,9,32.8,25.9,9,4.4,7.3,14.1,6.9,6.6,7,5.1,2.2,2.3,1
TNHC,68506,p.latipinna,Brazoria/TX,Cocklebur Slough,Q3,28.88297,-95.58666,Brazos-Colorado,East Matagorda Bay,16-10-18,13-05-22,,AD22-047,14,14,6,6,10,13,24,3,5,9,40.4,31.5,10.6,5.7,9.2,16.7,8.3,7.9,6.9,5.8,2.9,2.8,2
TNHC,68462,p.latipinna,Brazoria/TX,San Bernard River,Q3,28.95043,-95.55517,Brazos-Colorado,Lower San Bernard River,14-10-18,13-05-22,,AD22-048,14,13,6,6,10,13,23,3,5,9,36.4,28.1,9.6,5,8.5,14.9,5.7,7.3,6,5,2.1,2.7,1
TNHC,68462,p.latipinna,Brazoria/TX,San Bernard River,Q3,28.95043,-95.55517,Brazos-Colorado,Lower San Bernard River,14-10-18,13-05-22,,AD22-049,14,14,6,6,10,14,24,3,5,9,31.3,24,8.4,4.5,7.9,13.7,6.1,6.5,5.6,4.6,2.2,2.4,1
TNHC,68462,p.latipinna,Brazoria/TX,San Bernard River,Q3,28.95043,-95.55517,Brazos-Colorado,Lower San Bernard River,14-10-18,13-05-22,,AD22-050,14,13,6,6,10,13,23,3,4,NA,29.6,23,7,4.2,7,11.9,5.4,6.4,5.1,4.2,2.6,2.5,1
TNHC,49182,p.latipinna,Wilson/TX,San Antonio River,Q3,29.2182,-98.2628,San Antonio River,Kicaster Creek-San Antonio River,19-06-06,13-05-22,,AD22-051,14,14,6,6,9,14,25,3,5,8,34.7,27.5,8.8,4.8,7.8,14.2,7.2,6.9,5.9,4.7,2.4,2.2,1
TNHC,49182,p.latipinna,Wilson/TX,San Antonio River,Q3,29.2182,-98.2628,San Antonio River,Kicaster Creek-San Antonio River,19-06-06,13-05-22,,AD22-052,14,14,6,6,10,14,26,3,5,8,29.5,23.3,8,4.1,6.9,12,6.8,5.9,5.3,4,2.5,2,1
TNHC,40984,p.latipinna,Hays/TX,"San Marcos River, Section 12",Q4,29.8617,-97.9229,Guadalupe River,Upper San Marcos River,26-04-95,13-05-22,,AD22-053,16,14,6,6,10,14,26,3,5,6,48,37.4,13.9,7.5,11.5,17.4,13.3,9.4,7.7,7,3.3,3.2,1
TNHC,41754,p.latipinna,Hays/TX,Between I-35 and Thomson Island,Q4,29.8733,-97.9312,Guadalupe River,Upper San Marcos River,12-04-79,14-05-22,,AD22-054,13,13,6,6,10,14,25,3,5,8,49.2,38.3,14.5,7.4,11.5,19.3,11,9.6,8.9,7.4,3.4,2.9,2
TNHC,41754,p.latipinna,Hays/TX,Between I-35 and Thomson Island,Q4,29.8733,-97.9312,Guadalupe River,Upper San Marcos River,12-04-79,14-05-22,,AD22-055,14,15,6,6,10,13,25,3,5,8,49.5,37.9,14.6,7.1,11.8,19.6,11,9.4,8.6,7.2,2.9,2.9,3
TNHC,41754,p.latipinna,Hays/TX,Between I-35 and Thomson Island,Q4,29.8733,-97.9312,Guadalupe River,Upper San Marcos River,12-04-79,14-05-22,,AD22-056,13,13,6,6,10,13,23,3,5,8,30.7,24.1,7.7,3.6,7.4,12.9,7,5.9,4.9,4,2.1,2.6,1
TNHC,41754,p.latipinna,Hays/TX,Between I-35 and Thomson Island,Q4,29.8733,-97.9312,Guadalupe River,Upper San Marcos River,12-04-79,14-05-22,,AD22-057,14,14,6,6,10,15,25,3,5,8,42.5,33.9,12.3,6.5,10.5,18,9.5,8.9,7.7,7,3.2,2.7,2
TNHC,41754,p.latipinna,Hays/TX,Between I-35 and Thomson Island,Q4,29.8733,-97.9312,Guadalupe River,Upper San Marcos River,12-04-79,14-05-22,,AD22-058,15,13,6,6,10,13,25,3,5,8,46,37.3,13.3,7.5,10.7,19.8,10.6,8.5,8.2,7.6,3.2,2.8,1
TNHC,41754,p.latipinna,Hays/TX,Between I-35 and Thomson Island,Q4,29.8733,-97.9312,Guadalupe River,Upper San Marcos River,12-04-79,14-05-22,,AD22-059,14,13,6,6,10,13,25,3,5,8,43.9,33.9,12.2,5.6,10.6,17.5,10,8.5,7.3,5.6,3,2.7,1
TNHC,41754,p.latipinna,Hays/TX,Between I-35 and Thomson Island,Q4,29.8733,-97.9312,Guadalupe River,Upper San Marcos River,12-04-79,14-05-22,,AD22-060,13,14,6,6,9,14,25,3,5,8,47.4,37.3,12,6.6,12,18.5,9.9,8.8,7.9,6.7,3.3,2.6,1
TNHC,41754,p.latipinna,Hays/TX,Between I-35 and Thomson Island,Q4,29.8733,-97.9312,Guadalupe River,Upper San Marcos River,12-04-79,14-05-22,,AD22-061,14,15,6,6,10,15,25,3,5,8,47.3,37.7,13.3,7,12.3,20.4,10.2,8.2,7.9,6.9,3.6,3.3,1
TNHC,41754,p.latipinna,Hays/TX,Between I-35 and Thomson Island,Q4,29.8733,-97.9312,Guadalupe River,Upper San Marcos River,12-04-79,14-05-22,,AD22-062,15,14,6,6,10,14,25,3,4,8,47.3,36.8,12.9,6.5,10.7,18.9,10.3,8.3,7.6,6.6,3.2,2.8,1
TNHC,41754,p.latipinna,Hays/TX,Between I-35 and Thomson Island,Q4,29.8733,-97.9312,Guadalupe River,Upper San Marcos River,12-04-79,14-05-22,,AD22-063,15,14,6,6,10,14,25,3,5,8,30.1,22.8,7.8,4,6.2,12.5,5.9,5.9,5,4.1,2.5,2.5,1
TNHC,41754,p.latipinna,Hays/TX,Between I-35 and Thomson Island,Q4,29.8733,-97.9312,Guadalupe River,Upper San Marcos River,12-04-79,14-05-22,,AD22-064,15,13,6,6,10,13,26,3,5,9,46.8,36.3,12.4,6.8,10.4,19.7,11,9.4,7.7,6.2,3.4,2.8,1
TNHC,41754,p.latipinna,Hays/TX,Between I-35 and Thomson Island,Q4,29.8733,-97.9312,Guadalupe River,Upper San Marcos River,12-04-79,14-05-22,,AD22-065,13,14,6,6,10,14,26,3,5,9,48.5,35.8,13,6.5,10.6,18.9,9.8,8.5,7.7,6.8,3.1,2.7,1
TNHC,41754,p.latipinna,Hays/TX,Between I-35 and Thomson Island,Q4,29.8733,-97.9312,Guadalupe River,Upper San Marcos River,12-04-79,14-05-22,,AD22-066,14,14,6,6,10,14,23,3,5,8,42.6,33.9,13,6.8,10.7,18.9,9.9,8.6,7,6.8,2.9,3,1
TNHC,41754,p.latipinna,Hays/TX,Between I-35 and Thomson Island,Q4,29.8733,-97.9312,Guadalupe River,Upper San Marcos River,12-04-79,14-05-22,,AD22-067,14,13,6,6,10,13,26,3,5,8,34.3,26.7,8.5,4.5,8.6,14.2,7.5,6.2,5,5,2.6,2.6,1
TNHC,33618,p.latipinna,Hays/TX,San Marcos River at CR 101,Q4,29.8571,-97.8969,Guadalupe River,Upper San Marcos River,06-04-01,14-05-22,,AD22-068,15,14,6,6,10,14,24,3,5,9,50.6,39,14.5,7.8,11.1,20.1,11.9,10.4,8.7,7.2,3.7,3.3,1
TNHC,33618,p.latipinna,Hays/TX,San Marcos River at CR 101,Q4,29.8571,-97.8969,Guadalupe River,Upper San Marcos River,06-04-01,14-05-22,,AD22-069,15,13,6,6,10,13,26,3,5,9,44,33.5,12.3,6,10.1,17.2,10.9,8.7,7.4,5.7,3,2.4,1
TNHC,33618,p.latipinna,Hays/TX,San Marcos River at CR 101,Q4,29.8571,-97.8969,Guadalupe River,Upper San Marcos River,06-04-01,14-05-22,,AD22-070,14,13,6,6,9,13,26,3,5,8,37.9,29.4,9.7,4.7,9.7,14.9,8.4,7.4,6.5,5.2,2.7,2.7,1
TNHC,33618,p.latipinna,Hays/TX,San Marcos River at CR 101,Q4,29.8571,-97.8969,Guadalupe River,Upper San Marcos River,06-04-01,14-05-22,,AD22-071,15,14,6,6,10,14,25,3,5,8,41.6,30.6,9.1,3.5,10.1,15.4,9.5,7.3,6.6,4.9,2.8,2.8,1
TNHC,33618,p.latipinna,Hays/TX,San Marcos River at CR 101,Q4,29.8571,-97.8969,Guadalupe River,Upper San Marcos River,06-04-01,14-05-22,,AD22-072,15,13,6,6,10,13,26,3,5,9,55.2,42.2,15.2,7.8,14.2,20.3,13,10.2,8.8,7,2.6,3.2,1
TNHC,33618,p.latipinna,Hays/TX,San Marcos River at CR 101,Q4,29.8571,-97.8969,Guadalupe River,Upper San Marcos River,06-04-01,14-05-22,,AD22-073,14,14,6,6,10,14,26,3,5,8,38.6,29.2,8.8,5.3,9.6,16.3,8.8,7.7,6.5,5.3,2.8,2.7,1
TNHC,33618,p.latipinna,Hays/TX,San Marcos River at CR 101,Q4,29.8571,-97.8969,Guadalupe River,Upper San Marcos River,06-04-01,14-05-22,,AD22-074,15,13,6,6,10,13,24,3,5,9,37.9,28.8,8.9,5.1,9,15.4,7.6,7,6.3,4.7,3.2,3.2,1
TNHC,49679,p.latipinna,Goliad/TX,San Antonio River at Goliad,Q3,28.6566,-97.3902,San Antonio River,San Antonio River-Guadalupe River,17-06-09,07-08-23,,AD22-089,14,14,6,6,9,14,23,3,4,8,24.8,19.7,5.6,3.2,5.9,10.1,5.3,5.6,4,3.8,1.7,1.9,1
TNHC,49679,p.latipinna,Goliad/TX,San Antonio River at Goliad,Q3,28.6566,-97.3902,San Antonio River,San Antonio River-Guadalupe River,17-06-09,07-08-23,,AD22-090,13,13,6,6,9,13,24,3,4,8,34.8,26.5,9,4.9,7.8,14.5,8.6,6.8,5.8,5.1,2.7,2.2,1
TNHC,49679,p.latipinna,Goliad/TX,San Antonio River at Goliad,Q3,28.6566,-97.3902,San Antonio River,San Antonio River-Guadalupe River,17-06-09,07-08-23,,AD22-091,14,15,6,6,9,14,24,3,5,8,33.4,25.7,7.4,4.5,7.1,13.1,7.4,6.5,6.1,5.1,2.8,2.2,2
TNHC,49679,p.latipinna,Goliad/TX,San Antonio River at Goliad,Q3,28.6566,-97.3902,San Antonio River,San Antonio River-Guadalupe River,17-06-09,07-08-23,,AD22-092,14,15,6,6,10,15,23,3,4,8,28.7,22.8,7.6,3.9,6.4,11.5,5.7,6.1,5.2,4.1,1.8,2.5,1
TNHC,49679,p.latipinna,Goliad/TX,San Antonio River at Goliad,Q3,28.6566,-97.3902,San Antonio River,San Antonio River-Guadalupe River,17-06-09,07-08-23,,AD22-093,14,14,6,6,10,14,24,3,5,8,33.3,25.2,8.6,4.4,7.5,12.9,7,6.5,5.9,4.9,2.4,2.7,1
TNHC,49679,p.latipinna,Goliad/TX,San Antonio River at Goliad,Q3,28.6566,-97.3902,San Antonio River,San Antonio River-Guadalupe River,17-06-09,07-08-23,,AD22-094,14,14,6,6,9,14,24,3,5,8,31.3,23.1,7.2,4.1,7,12.5,6.7,6.3,4.9,4.2,2,1.8,1
TNHC,49679,p.latipinna,Goliad/TX,San Antonio River at Goliad,Q3,28.6566,-97.3902,San Antonio River,San Antonio River-Guadalupe River,17-06-09,07-08-23,,AD22-095,14,14,6,6,9,14,NA,NA,NA,NA,31.1,23.9,7.9,3.8,7.1,12.2,7.4,7,5.2,4.6,2.4,2.1,1
TNHC,49679,p.latipinna,Goliad/TX,San Antonio River at Goliad,Q3,28.6566,-97.3902,San Antonio River,San Antonio River-Guadalupe River,17-06-09,07-08-23,,AD22-096,15,14,6,6,9,14,24,3,5,NA,31.5,24.5,7.5,4.6,7.7,11.9,6.6,6.7,5.1,4.4,2.4,2.3,1
TNHC,49679,p.latipinna,Goliad/TX,San Antonio River at Goliad,Q3,28.6566,-97.3902,San Antonio River,San Antonio River-Guadalupe River,17-06-09,07-08-23,,AD22-097,14,13,6,6,9,14,NA,NA,5,NA,27.2,20.8,6.6,3.5,5.4,11.1,5.9,5.4,4.4,3.8,1.8,2,2
TNHC,49652,p.latipinna,Goliad/TX,San Antonio River at Goliad,Q3,28.6566,-97.3902,San Antonio River,San Antonio River-Guadalupe River,17-06-09,08-09-23,,AD22-098,14,NA,6,6,10,14,23,3,5,9,36,27.7,9,4.7,8,14.8,7,7.9,6,4.9,2.7,2.3,NA
TNHC,49652,p.latipinna,Goliad/TX,San Antonio River at Goliad,Q3,28.6566,-97.3902,San Antonio River,San Antonio River-Guadalupe River,17-06-09,08-09-23,,AD22-099,14,14,6,6,9,14,NA,3,NA,NA,26.7,20.8,6,3,6.6,11.4,6,5.5,4.4,3.6,1.8,1.9,1
TNHC,49652,p.latipinna,Goliad/TX,San Antonio River at Goliad,Q3,28.6566,-97.3902,San Antonio River,San Antonio River-Guadalupe River,17-06-09,08-09-23,,AD22-100,15,14,6,6,9,14,NA,3,5,8,28.2,21.9,6.9,3.9,6.8,11.4,6.9,6.4,5.4,4.2,2.4,2.4,1
TNHC,61154,p.latipinna,Calhoun/TX,East Coloma Creek,Q3,28.5023,-96.647,Lavaca-Guadalupe,Powderhorn Lake-Matagorda Bay,01-05-16,08-08-23,,AD22-101,14,13,6,6,10,13,26,3,5,8,41.4,30.7,10.5,5.2,9.1,17,7.5,9.7,7.8,5.3,2.6,3.3,1
TNHC,61154,p.latipinna,Calhoun/TX,East Coloma Creek,Q3,28.5023,-96.647,Lavaca-Guadalupe,Powderhorn Lake-Matagorda Bay,01-05-16,08-08-23,,AD23-001,14,14,6,6,10,14,25,3,5,9,42,33.4,10.3,5.5,9.9,17.9,7.6,8.4,6.5,5.7,2.7,2.8,1
TNHC,61154,p.latipinna,Calhoun/TX,East Coloma Creek,Q3,28.5023,-96.647,Lavaca-Guadalupe,Powderhorn Lake-Matagorda Bay,01-05-16,08-08-23,,AD23-002,14,14,6,6,10,15,23,3,5,9,42.7,33.2,9.6,5.7,9.1,16.7,10.1,9.1,7.4,6.2,2.6,2.8,2
TNHC,61154,p.latipinna,Calhoun/TX,East Coloma Creek,Q3,28.5023,-96.647,Lavaca-Guadalupe,Powderhorn Lake-Matagorda Bay,01-05-16,08-08-23,,AD23-003,15,13,6,6,10,13,25,3,5,8,54.2,42.9,14.7,7.9,13.6,22.3,11.5,10.6,8.9,7.4,3.3,3.6,1
TNHC,61154,p.latipinna,Calhoun/TX,East Coloma Creek,Q3,28.5023,-96.647,Lavaca-Guadalupe,Powderhorn Lake-Matagorda Bay,01-05-16,08-08-23,,AD23-004,14,14,6,6,10,14,NA,3,5,9,41.1,32.4,9.5,5.2,9.6,17.4,8.6,8.1,7,5.6,2.8,3,1
TNHC,61154,p.latipinna,Calhoun/TX,East Coloma Creek,Q3,28.5023,-96.647,Lavaca-Guadalupe,Powderhorn Lake-Matagorda Bay,01-05-16,08-08-23,,AD23-005,15,14,6,6,9,14,24,3,5,9,43.3,34.6,13,6.2,10.4,17.2,9.8,9.3,7.9,6.6,3.2,2.9,1
TNHC,61154,p.latipinna,Calhoun/TX,East Coloma Creek,Q3,28.5023,-96.647,Lavaca-Guadalupe,Powderhorn Lake-Matagorda Bay,01-05-16,08-08-23,,AD23-006,14,14,6,6,10,14,25,3,5,8,40.6,31.4,10.5,5.5,9,16.8,7.6,8.7,7.3,5.8,3.1,2.7,1
TNHC,61154,p.latipinna,Calhoun/TX,East Coloma Creek,Q3,28.5023,-96.647,Lavaca-Guadalupe,Powderhorn Lake-Matagorda Bay,01-05-16,08-08-23,,AD23-007,15,14,6,6,9,13,25,3,5,NA,38.7,30.8,9,4.9,9.1,15.7,8,7.5,6.6,5.2,3,2.6,2
TNHC,61154,p.latipinna,Calhoun/TX,East Coloma Creek,Q3,28.5023,-96.647,Lavaca-Guadalupe,Powderhorn Lake-Matagorda Bay,01-05-16,08-08-23,,AD23-008,14,13,6,6,10,13,25,3,5,9,43.4,33.7,11,5.9,9.8,16.6,7.4,8.2,7.3,6,2.9,2.9,1
TNHC,34889,p.latipinna,Cameron/TX,Sanchez Pond,Q1,26.0223,-97.4582,Nueces-Rio Grande,Brownsville Ship Channel,08-09-93,10-08-23,,AD23-013,14,13,6,6,10,13,25,3,4,9,70.5,55.5,21.7,11.5,15.4,28.9,14.5,12.6,12.6,11.2,5,4.6,1
TNHC,34889,p.latipinna,Cameron/TX,Sanchez Pond,Q1,26.0223,-97.4582,Nueces-Rio Grande,Brownsville Ship Channel,08-09-93,10-08-23,,AD23-014,14,13,6,6,10,13,24,3,5,NA,45.2,34.4,11.9,6,9.7,19.1,9.7,9.1,8,7,2.3,3.4,1
TNHC,34889,p.latipinna,Cameron/TX,Sanchez Pond,Q1,26.0223,-97.4582,Nueces-Rio Grande,Brownsville Ship Channel,08-09-93,10-08-23,,AD23-015,13,13,6,6,10,13,23,3,5,8,50.9,34.8,15.3,7.5,10.9,18.9,11.4,9.4,8.8,7.7,2.9,3.7,1
TNHC,34889,p.latipinna,Cameron/TX,Sanchez Pond,Q1,26.0223,-97.4582,Nueces-Rio Grande,Brownsville Ship Channel,08-09-93,10-08-23,,AD23-016,13,13,6,6,9,12,25,3,5,9,52.1,40.4,15,8.1,11.9,20.3,11.6,9.5,8.9,7.9,3,3.4,2
TNHC,34889,p.latipinna,Cameron/TX,Sanchez Pond,Q1,26.0223,-97.4582,Nueces-Rio Grande,Brownsville Ship Channel,08-09-93,10-08-23,,AD23-017,14,13,6,6,9,13,24,3,5,8,49.2,37.4,13.4,7.8,8.9,19.2,9.3,8.8,8.6,7.3,3,3.6,1
TNHC,34889,p.latipinna,Cameron/TX,Sanchez Pond,Q1,26.0223,-97.4582,Nueces-Rio Grande,Brownsville Ship Channel,08-09-93,10-08-23,,AD23-018,13,13,6,6,10,13,25,3,5,9,54.9,40.2,14.8,7.5,12.6,21.4,10.2,9.5,8.9,7.7,3.3,3.5,1
TNHC,34889,p.latipinna,Cameron/TX,Sanchez Pond,Q1,26.0223,-97.4582,Nueces-Rio Grande,Brownsville Ship Channel,08-09-93,10-08-23,,AD23-019,15,12,6,6,10,13,26,3,5,9,54.4,40.9,16,8,11.6,23,11.5,10.4,10.1,8.2,3.2,3.6,2
TNHC,34889,p.latipinna,Cameron/TX,Sanchez Pond,Q1,26.0223,-97.4582,Nueces-Rio Grande,Brownsville Ship Channel,08-09-93,10-08-23,,AD23-020,13,13,6,6,10,13,25,3,5,NA,55.9,41.7,17.5,7.9,11.6,22.9,10.2,9.8,9.5,7.9,3.2,3.7,1
TNHC,34889,p.latipinna,Cameron/TX,Sanchez Pond,Q1,26.0223,-97.4582,Nueces-Rio Grande,Brownsville Ship Channel,08-09-93,10-08-23,,AD23-021,14,13,6,6,10,12,24,3,5,9,51.6,39.4,14,7.8,10.8,20.5,10.5,10,9.1,7.5,3.2,3.9,2
TNHC,34889,p.latipinna,Cameron/TX,Sanchez Pond,Q1,26.0223,-97.4582,Nueces-Rio Grande,Brownsville Ship Channel,08-09-93,10-08-23,,AD23-022,13,13,6,6,9,13,25,3,5,NA,41.8,31.4,11.1,6.5,9.4,17,8.9,8.6,7.8,6.1,2.7,3,1
TNHC,34889,p.latipinna,Cameron/TX,Sanchez Pond,Q1,26.0223,-97.4582,Nueces-Rio Grande,Brownsville Ship Channel,08-09-93,10-08-23,,AD23-023,14,13,6,6,9,13,24,3,5,NA,49.7,36.4,12.5,6.9,10.5,19.4,10.3,9.8,8.7,7.3,3.2,3.6,1
TNHC,34889,p.latipinna,Cameron/TX,Sanchez Pond,Q1,26.0223,-97.4582,Nueces-Rio Grande,Brownsville Ship Channel,08-09-93,10-08-23,,AD23-024,14,13,6,6,10,13,24,3,5,9,54.4,42.5,15.4,8.4,12.6,21,12.7,10.8,9.6,7.5,2.9,3.3,1
TNHC,34889,p.latipinna,Cameron/TX,Sanchez Pond,Q1,26.0223,-97.4582,Nueces-Rio Grande,Brownsville Ship Channel,08-09-93,10-08-23,,AD23-025,13,13,6,6,10,13,23,3,5,8,48.7,36.4,14.2,7.2,10.2,18.7,10,8.9,8.4,7.1,2.6,3.8,1
TNHC,34889,p.latipinna,Cameron/TX,Sanchez Pond,Q1,26.0223,-97.4582,Nueces-Rio Grande,Brownsville Ship Channel,08-09-93,10-08-23,,AD23-026,15,13,6,6,10,13,26,3,6,10,54.9,42.6,16.4,8,11.4,22.6,11.4,10.7,9.4,7.9,3.8,3.6,1
TNHC,34889,p.latipinna,Cameron/TX,Sanchez Pond,Q1,26.0223,-97.4582,Nueces-Rio Grande,Brownsville Ship Channel,08-09-93,10-08-23,,AD23-027,14,13,6,6,10,14,24,3,5,8,NA,36.5,13.5,7,11,19.5,9.5,9.7,8.5,7.2,3.1,3.5,2
TNHC,34889,p.latipinna,Cameron/TX,Sanchez Pond,Q1,26.0223,-97.4582,Nueces-Rio Grande,Brownsville Ship Channel,08-09-93,10-08-23,,AD23-028,14,12,6,6,9,14,24,3,5,8,47.1,35.8,11.9,7.4,11.5,18.7,10.3,9.6,8.9,6.8,3,3.6,3
TNHC,34889,p.latipinna,Cameron/TX,Sanchez Pond,Q1,26.0223,-97.4582,Nueces-Rio Grande,Brownsville Ship Channel,08-09-93,10-08-23,,AD23-029,15,13,6,6,10,12,25,3,5,9,55.8,42.5,16.8,7.9,11.6,22.8,11.6,10.5,9.8,8.4,3.5,3.6,2
TNHC,34889,p.latipinna,Cameron/TX,Sanchez Pond,Q1,26.0223,-97.4582,Nueces-Rio Grande,Brownsville Ship Channel,08-09-93,10-08-23,,AD23-030,13,13,6,6,9,13,25,3,5,8,46,34.4,11.5,7,10.8,18.8,9.2,9.2,8.5,6.8,2.8,3.4,1
TNHC,34889,p.latipinna,Cameron/TX,Sanchez Pond,Q1,26.0223,-97.4582,Nueces-Rio Grande,Brownsville Ship Channel,08-09-93,10-08-23,,AD23-031,14,13,6,6,10,14,24,3,5,8,72.5,56.4,22.5,11.5,16.5,28.7,15.5,13.9,13.8,11.2,4.3,4.7,2
TNHC,34889,p.latipinna,Cameron/TX,Sanchez Pond,Q1,26.0223,-97.4582,Nueces-Rio Grande,Brownsville Ship Channel,08-09-93,10-08-23,,AD23-032,14,13,6,6,9,12,25,3,5,8,49.5,37.5,14,7.4,10.3,19.6,11.4,8.9,8.4,7.5,2.8,3.6,2
TNHC,34889,p.latipinna,Cameron/TX,Sanchez Pond,Q1,26.0223,-97.4582,Nueces-Rio Grande,Brownsville Ship Channel,08-09-93,10-08-23,,AD23-033,13,13,6,6,9,14,24,3,5,8,68.1,53.5,21.5,10.8,16,26.6,16.3,11.6,11.5,11,3.9,4.5,2
TNHC,34889,p.latipinna,Cameron/TX,Sanchez Pond,Q1,26.0223,-97.4582,Nueces-Rio Grande,Brownsville Ship Channel,08-09-93,10-08-23,,AD23-034,13,14,6,6,9,13,24,3,5,7,47.8,35.5,13.5,8.2,9.1,19.5,9.9,9.1,8.7,7.5,3,3.4,2
TNHC,34889,p.latipinna,Cameron/TX,Sanchez Pond,Q1,26.0223,-97.4582,Nueces-Rio Grande,Brownsville Ship Channel,08-09-93,10-08-23,,AD23-035,14,13,6,6,10,13,23,3,5,7,45.5,34.1,12,6.6,10.4,18,9,8.4,8.1,6.4,3.2,3.7,1
TNHC,34889,p.latipinna,Cameron/TX,Sanchez Pond,Q1,26.0223,-97.4582,Nueces-Rio Grande,Brownsville Ship Channel,08-09-93,10-08-23,,AD23-036,14,12,6,6,10,12,24,3,5,9,52.8,40.2,14.1,8.3,11.1,22,11.4,10.5,9.4,7.5,13.4,3.9,1
UMMZ,203281,p.latipinna,Tamaulipas/MX,Laguna De Champayan,Q1,22.3,-97.8666667,Panuco-Tamesi,Rio Guayalejo,21-07-65,27-10-23,,AD23-120,15,15,6,6,10,14,26,4,4,NA,44.8,35.4,11.3,6.1,10.4,29.4,8.7,8.7,8.2,6.5,2.7,3.3,2
UMMZ,203281,p.latipinna,Tamaulipas/MX,Laguna De Champayan,Q1,22.3,-97.8666667,Panuco-Tamesi,Rio Guayalejo,21-07-65,27-10-23,,AD23-121,14,13,6,6,9,13,25,3,5,9,47.3,36.4,12.1,6.5,10.1,19.8,9.6,8.3,8.8,6.8,2.5,3.5,1
UMMZ,203281,p.latipinna,Tamaulipas/MX,Laguna De Champayan,Q1,22.3,-97.8666667,Panuco-Tamesi,Rio Guayalejo,21-07-65,27-10-23,,AD23-122,15,14,6,6,10,14,25,3,5,9,49.7,38.5,13.5,6.6,10.9,20.4,10.5,10.1,8.9,7.5,2.5,3.6,1
UMMZ,203281,p.latipinna,Tamaulipas/MX,Laguna De Champayan,Q1,22.3,-97.8666667,Panuco-Tamesi,Rio Guayalejo,21-07-65,27-10-23,,AD23-123,14,13,6,6,10,13,25,3,4,9,45.5,35.5,10.5,6.2,10.3,19.1,9,9.4,8.1,6.4,2.8,3.2,1
UMMZ,203281,p.latipinna,Tamaulipas/MX,Laguna De Champayan,Q1,22.3,-97.8666667,Panuco-Tamesi,Rio Guayalejo,21-07-65,27-10-23,,AD23-124,14,14,6,6,10,13,25,3,5,9,45,35.2,11.7,6.5,9.8,19.1,8.5,9.6,8.4,6.7,3.3,3.6,2
UMMZ,203281,p.latipinna,Tamaulipas/MX,Laguna De Champayan,Q1,22.3,-97.8666667,Panuco-Tamesi,Rio Guayalejo,21-07-65,27-10-23,,AD23-125,14,13,6,6,10,14,24,3,5,9,49,39.3,12.9,7.2,11.2,21.7,9.5,9.5,8.6,7.5,2.4,3.9,2
UMMZ,203281,p.latipinna,Tamaulipas/MX,Laguna De Champayan,Q1,22.3,-97.8666667,Panuco-Tamesi,Rio Guayalejo,21-07-65,27-10-23,,AD23-126,14,14,6,6,10,14,25,3,5,9,46.1,36.4,13.5,6.4,10.5,19.8,9,8.8,8.1,6.7,2.6,3.7,1
UMMZ,203281,p.latipinna,Tamaulipas/MX,Laguna De Champayan,Q1,22.3,-97.8666667,Panuco-Tamesi,Rio Guayalejo,21-07-65,27-10-23,,AD23-127,14,14,6,6,10,13,24,4,5,9,42.5,34,12.4,6.2,9.2,19.3,8.1,8.9,7.5,5.9,2.6,3.3,2
UMMZ,203281,p.latipinna,Tamaulipas/MX,Laguna De Champayan,Q1,22.3,-97.8666667,Panuco-Tamesi,Rio Guayalejo,21-07-65,27-10-23,,AD23-128,14,14,6,6,10,13,25,3,5,9,46.6,37,13.5,7.4,10.1,19.8,8.8,9.5,8.4,7.3,3,3.5,2
UMMZ,203281,p.latipinna,Tamaulipas/MX,Laguna De Champayan,Q1,22.3,-97.8666667,Panuco-Tamesi,Rio Guayalejo,21-07-65,27-10-23,,AD23-129,14,12,6,6,9,13,24,3,5,9,42.9,34.1,10.4,5.4,9.8,18.9,8.1,9.1,8,6.2,2.8,3.3,2
UMMZ,203281,p.latipinna,Tamaulipas/MX,Laguna De Champayan,Q1,22.3,-97.8666667,Panuco-Tamesi,Rio Guayalejo,21-07-65,27-10-23,,AD23-130,14,13,6,6,10,13,26,3,5,NA,46.4,37.6,12.4,6.5,10,19.2,9.2,8.1,7.8,6.6,2.5,3.3,1
UMMZ,203281,p.latipinna,Tamaulipas/MX,Laguna De Champayan,Q1,22.3,-97.8666667,Panuco-Tamesi,Rio Guayalejo,21-07-65,27-10-23,,AD23-131,14,13,6,6,9,12,25,3,4,9,44.7,35.5,11.6,6.4,10.5,19.5,8.8,8.8,7.8,7.1,3,3.8,2
UMMZ,203281,p.latipinna,Tamaulipas/MX,Laguna De Champayan,Q1,22.3,-97.8666667,Panuco-Tamesi,Rio Guayalejo,21-07-65,27-10-23,,AD23-132,14,12,6,6,9,12,25,3,5,9,44.9,36.1,11.5,6.7,10.7,19.4,8.7,9.7,8.5,6.6,2.9,3.7,1
UMMZ,203281,p.latipinna,Tamaulipas/MX,Laguna De Champayan,Q1,22.3,-97.8666667,Panuco-Tamesi,Rio Guayalejo,21-07-65,27-10-23,,AD23-133,14,12,6,6,9,12,25,3,5,9,45.6,35.3,13.4,6.4,9.6,19,9.3,8.4,8,7,3,3.7,1
UMMZ,203281,p.latipinna,Tamaulipas/MX,Laguna De Champayan,Q1,22.3,-97.8666667,Panuco-Tamesi,Rio Guayalejo,21-07-65,27-10-23,,AD23-134,14,13,6,6,10,13,25,3,5,9,43.9,34.5,11.7,6.5,10.2,19.1,9,8.6,8,6.4,2.7,3.2,1
UMMZ,203281,p.latipinna,Tamaulipas/MX,Laguna De Champayan,Q1,22.3,-97.8666667,Panuco-Tamesi,Rio Guayalejo,21-07-65,27-10-23,,AD23-135,14,13,6,6,10,13,26,3,5,9,40.4,31.5,11.5,5.5,9.1,18.8,8,8.3,7.2,6.6,2.7,3.1,1
UMMZ,203281,p.latipinna,Tamaulipas/MX,Laguna De Champayan,Q1,22.3,-97.8666667,Panuco-Tamesi,Rio Guayalejo,21-07-65,03-11-23,,AD23-136,13,14,6,6,10,13,25,3,5,9,40.5,32,9,5.5,9.2,17.5,8.1,8.1,7,5.4,2.6,3.1,2
UMMZ,203281,p.latipinna,Tamaulipas/MX,Laguna De Champayan,Q1,22.3,-97.8666667,Panuco-Tamesi,Rio Guayalejo,21-07-65,03-11-23,,AD23-137,14,14,6,6,10,13,25,3,4,9,41.7,33.2,11.6,5.4,9.6,19,8.1,8.4,7.5,5.4,2.8,3,2
UMMZ,203281,p.latipinna,Tamaulipas/MX,Laguna De Champayan,Q1,22.3,-97.8666667,Panuco-Tamesi,Rio Guayalejo,21-07-65,03-11-23,,AD23-138,14,13,6,6,10,13,24,3,5,NA,41.2,32.5,12.3,5.5,9.4,17.8,8.4,8.5,7.4,5.8,2.5,3.3,1
UMMZ,203281,p.latipinna,Tamaulipas/MX,Laguna De Champayan,Q1,22.3,-97.8666667,Panuco-Tamesi,Rio Guayalejo,21-07-65,03-11-23,,AD23-139,14,13,6,6,10,13,25,3,5,8,42.6,33.6,10,6.1,9.6,18.3,9.5,8.4,8.2,6.2,2.9,3.5,1
UMMZ,203274,p.latipinna,Tamaulipas/MX,"Laguna De Puerta, Hwy 80 Between Tampico And Altamira",Q1,22.3,-97.9166667,Panuco-Tamesi,Rio Guayalejo,21-07-65,03-11-23,,AD23-140,13,14,6,6,10,13,24,3,5,8,45,35.6,11.5,6.5,10.7,19.4,9.1,9.5,9.1,6.5,3.1,3.1,2
UMMZ,203274,p.latipinna,Tamaulipas/MX,"Laguna De Puerta, Hwy 80 Between Tampico And Altamira",Q1,22.3,-97.9166667,Panuco-Tamesi,Rio Guayalejo,21-07-65,03-11-23,,AD23-141,14,13,6,6,10,14,25,3,5,9,40.7,32.4,11.4,5.5,11.2,16.5,8.6,8.4,7.7,5.9,3.1,2.9,2
UMMZ,203274,p.latipinna,Tamaulipas/MX,"Laguna De Puerta, Hwy 80 Between Tampico And Altamira",Q1,22.3,-97.9166667,Panuco-Tamesi,Rio Guayalejo,21-07-65,03-11-23,,AD23-142,14,14,6,6,9,14,23,3,5,NA,44.5,35.4,13.5,4.5,10.4,19.1,9.5,9.6,8.1,6.7,3.1,3,1
UMMZ,203274,p.latipinna,Tamaulipas/MX,"Laguna De Puerta, Hwy 80 Between Tampico And Altamira",Q1,22.3,-97.9166667,Panuco-Tamesi,Rio Guayalejo,21-07-65,03-11-23,,AD23-143,15,14,6,6,10,13,25,3,5,8,43,33.9,11.6,5.7,10.7,18.5,8.7,8.1,7.5,6.6,2.7,2.9,2
UMMZ,203274,p.latipinna,Tamaulipas/MX,"Laguna De Puerta, Hwy 80 Between Tampico And Altamira",Q1,22.3,-97.9166667,Panuco-Tamesi,Rio Guayalejo,21-07-65,03-11-23,,AD23-144,14,13,6,6,10,13,25,3,4,9,42.1,33.7,11.5,6.2,10.5,18.5,8.7,8.5,7.7,6.3,3.2,3,1
UMMZ,203274,p.latipinna,Tamaulipas/MX,"Laguna De Puerta, Hwy 80 Between Tampico And Altamira",Q1,22.3,-97.9166667,Panuco-Tamesi,Rio Guayalejo,21-07-65,03-11-23,,AD23-145,13,13,6,6,9,13,25,3,5,9,36.5,28.8,9.5,5,8.8,15.5,7.5,7.9,6.5,5.5,2.3,2.7,1
UMMZ,203274,p.latipinna,Tamaulipas/MX,"Laguna De Puerta, Hwy 80 Between Tampico And Altamira",Q1,22.3,-97.9166667,Panuco-Tamesi,Rio Guayalejo,21-07-65,03-11-23,,AD23-146,14,NA,6,6,9,12,24,3,5,NA,43.4,33.7,12,6.3,10.7,18.6,9,8.4,8.2,6.4,2.4,3.4,NA
UMMZ,203274,p.latipinna,Tamaulipas/MX,"Laguna De Puerta, Hwy 80 Between Tampico And Altamira",Q1,22.3,-97.9166667,Panuco-Tamesi,Rio Guayalejo,21-07-65,03-11-23,,AD23-147,13,12,6,6,10,13,25,3,5,8,48.3,38,13.8,6.9,11.4,21.6,10.4,8.5,7.8,7.4,3.4,3.6,2
UMMZ,203274,p.latipinna,Tamaulipas/MX,"Laguna De Puerta, Hwy 80 Between Tampico And Altamira",Q1,22.3,-97.9166667,Panuco-Tamesi,Rio Guayalejo,21-07-65,07-11-23,,AD23-148,14,14,6,6,10,14,26,3,5,9,49.9,39.3,13.6,7.1,12,20.7,10.4,9.9,8.4,7.4,3.3,3.5,1
UMMZ,203274,p.latipinna,Tamaulipas/MX,"Laguna De Puerta, Hwy 80 Between Tampico And Altamira",Q1,22.3,-97.9166667,Panuco-Tamesi,Rio Guayalejo,21-07-65,07-11-23,,AD23-149,13,13,6,6,9,13,25,3,5,9,36.4,28.6,9.3,4.5,7.8,15.6,7.9,7.1,6.7,5.2,2.2,2.6,1
UMMZ,203274,p.latipinna,Tamaulipas/MX,"Laguna De Puerta, Hwy 80 Between Tampico And Altamira",Q1,22.3,-97.9166667,Panuco-Tamesi,Rio Guayalejo,21-07-65,07-11-23,,AD23-150,13,13,6,6,10,13,25,3,5,9,41.6,33.2,10.2,5.1,9.7,17.5,8.9,8.3,7.1,6.1,2.6,3.1,1
UMMZ,203274,p.latipinna,Tamaulipas/MX,"Laguna De Puerta, Hwy 80 Between Tampico And Altamira",Q1,22.3,-97.9166667,Panuco-Tamesi,Rio Guayalejo,21-07-65,07-11-23,,AD23-151,13,13,6,6,10,12,25,4,5,9,39.5,32.3,10.1,5.3,9.5,18.2,7,8.5,7.4,6.4,3,3.2,2
UMMZ,203274,p.latipinna,Tamaulipas/MX,"Laguna De Puerta, Hwy 80 Between Tampico And Altamira",Q1,22.3,-97.9166667,Panuco-Tamesi,Rio Guayalejo,21-07-65,07-11-23,,AD23-152,13,13,6,6,10,13,26,3,4,9,47.4,38,14.2,6.5,10.7,20.4,8,9.2,8.4,7.3,3.4,3.4,1
UMMZ,203274,p.latipinna,Tamaulipas/MX,"Laguna De Puerta, Hwy 80 Between Tampico And Altamira",Q1,22.3,-97.9166667,Panuco-Tamesi,Rio Guayalejo,21-07-65,07-11-23,,AD23-153,13,13,6,6,10,14,25,3,4,9,NA,36.4,10.4,5.3,9.9,19.9,8.7,9.8,8.2,6.7,2.6,3.4,2
UMMZ,203274,p.latipinna,Tamaulipas/MX,"Laguna De Puerta, Hwy 80 Between Tampico And Altamira",Q1,22.3,-97.9166667,Panuco-Tamesi,Rio Guayalejo,21-07-65,07-11-23,,AD23-154,14,13,6,6,9,13,26,3,4,NA,NA,35,12.8,6.5,10.5,19.9,8.4,8.5,7.6,6.5,3.2,3.1,1
UMMZ,203274,p.latipinna,Tamaulipas/MX,"Laguna De Puerta, Hwy 80 Between Tampico And Altamira",Q1,22.3,-97.9166667,Panuco-Tamesi,Rio Guayalejo,21-07-65,07-11-23,,AD23-155,14,14,6,6,9,14,25,3,4,9,44.8,34.9,11.3,6.4,10.4,18.9,9.1,8.2,7.6,6.7,3.5,3.5,1
UMMZ,203274,p.latipinna,Tamaulipas/MX,"Laguna De Puerta, Hwy 80 Between Tampico And Altamira",Q1,22.3,-97.9166667,Panuco-Tamesi,Rio Guayalejo,21-07-65,07-11-23,,AD23-156,14,14,6,6,10,13,43,3,5,NA,44.5,36.3,11.2,5,11.2,19.2,8.3,8.9,7.5,6.4,2.8,3.3,2
UMMZ,203274,p.latipinna,Tamaulipas/MX,"Laguna De Puerta, Hwy 80 Between Tampico And Altamira",Q1,22.3,-97.9166667,Panuco-Tamesi,Rio Guayalejo,21-07-65,07-11-23,,AD23-157,14,12,6,6,10,12,26,8,5,8,NA,30.5,10.3,5.1,9,17.5,8,8,6.5,5.5,2.6,2.9,1
UMMZ,203274,p.latipinna,Tamaulipas/MX,"Laguna De Puerta, Hwy 80 Between Tampico And Altamira",Q1,22.3,-97.9166667,Panuco-Tamesi,Rio Guayalejo,21-07-65,07-11-23,,AD23-158,14,14,6,6,10,13,25,3,5,9,37,29,10.7,5,7.7,16.5,7.3,7.5,6.3,5.3,2.2,2.7,2
UMMZ,203274,p.latipinna,Tamaulipas/MX,"Laguna De Puerta, Hwy 80 Between Tampico And Altamira",Q1,22.3,-97.9166667,Panuco-Tamesi,Rio Guayalejo,21-07-65,07-11-23,,AD23-159,14,13,6,6,10,13,25,3,5,NA,37.5,29.2,9,4.9,8.8,16.2,7.9,7.5,6.6,5.4,2.5,2.6,1
TNHC,42620,p.formosa,Nueces/TX,"Petronila Creek, 60-100m downstream from US77",Q2,27.6825,-97.7431,Nueces-Rio Grande,Petronila Creek,19-03-09,21-03-19,,AD19-026,13,14,6,6,9,14,25,4,5,10,60,47.3,15.1,8.7,15.6,25.1,9.8,9.1,8,9.1,4,3.8,1
TNHC,42620,p.formosa,Nueces/TX,"Petronila Creek, 60-100m downstream from US78",Q2,27.6825,-97.7431,Nueces-Rio Grande,Petronila Creek,19-03-09,21-03-19,,AD19-027,12,14,6,6,9,14,24,4,5,9,48.5,37.2,12.2,7,11.2,20.5,8.4,7.2,7.7,7.4,3,3.5,1
TNHC,42620,p.formosa,Nueces/TX,"Petronila Creek, 60-100m downstream from US79",Q2,27.6825,-97.7431,Nueces-Rio Grande,Petronila Creek,19-03-09,21-03-19,,AD19-028,11,14,6,6,9,14,24,4,5,9,43.7,32.7,10.1,5.9,9.6,19.5,6.8,7.2,6.4,6.5,2.8,3.1,1
TNHC,42620,p.formosa,Nueces/TX,"Petronila Creek, 60-100m downstream from US80",Q2,27.6825,-97.7431,Nueces-Rio Grande,Petronila Creek,19-03-09,21-03-19,,AD19-029,12,14,6,6,10,14,24,4,5,9,50.3,37.6,13.1,7.4,11.5,22.1,8.3,8.3,7.9,7.8,3.4,3.3,1
TNHC,42620,p.formosa,Nueces/TX,"Petronila Creek, 60-100m downstream from US81",Q2,27.6825,-97.7431,Nueces-Rio Grande,Petronila Creek,19-03-09,21-03-19,,AD19-030,13,14,6,6,9,15,25,3,5,10,52.8,41.1,14.2,7.7,12.9,23.2,8.6,9,7.8,8.2,3.8,3.8,2
TNHC,42620,p.formosa,Nueces/TX,"Petronila Creek, 60-100m downstream from US82",Q2,27.6825,-97.7431,Nueces-Rio Grande,Petronila Creek,19-03-09,21-03-19,,AD19-031,11,14,6,6,10,15,24,4,5,10,47.9,36.8,11.3,6.7,11.1,21.6,7.2,7.4,7.3,7,3.3,3.4,2
TNHC,42620,p.formosa,Nueces/TX,"Petronila Creek, 60-100m downstream from US83",Q2,27.6825,-97.7431,Nueces-Rio Grande,Petronila Creek,19-03-09,21-03-19,,AD19-032,12,14,6,6,9,14,25,4,5,10,63.3,48.2,16.3,10.1,15.9,25.5,11.3,10.5,9.8,9.7,4.7,4.4,1
TNHC,42620,p.formosa,Nueces/TX,"Petronila Creek, 60-100m downstream from US84",Q2,27.6825,-97.7431,Nueces-Rio Grande,Petronila Creek,19-03-09,21-03-19,,AD19-033,13,14,6,6,10,14,25,4,5,10,66.4,50.9,17.9,10.2,14.6,28.8,11.9,9.8,9.2,10.2,4.2,3.8,1
TNHC,42620,p.formosa,Nueces/TX,"Petronila Creek, 60-100m downstream from US85",Q2,27.6825,-97.7431,Nueces-Rio Grande,Petronila Creek,19-03-09, 03-04-19,,AD19-034,12,15,6,6,10,15,24,4,6,9,54.9,41.2,14.4,7.5,12.1,23.3,9.3,9.3,8.9,8.7,3.6,3.5,1
TNHC,42620,p.formosa,Nueces/TX,"Petronila Creek, 60-100m downstream from US86",Q2,27.6825,-97.7431,Nueces-Rio Grande,Petronila Creek,19-03-09, 03-04-19,,AD19-035,11,14,6,6,10,14,24,4,4,9,49.5,36.9,11.2,7,10.4,21.6,7.2,8.1,7.8,7.5,3.7,3.4,1
TNHC,42620,p.formosa,Nueces/TX,"Petronila Creek, 60-100m downstream from US87",Q2,27.6825,-97.7431,Nueces-Rio Grande,Petronila Creek,19-03-09, 03-04-19,,AD19-036,12,15,6,6,10,15,24,4,5,9,62.5,48.4,16.8,9.3,14.4,28.3,10.3,9.4,9.7,9.6,4.5,3.8,1
TNHC,42620,p.formosa,Nueces/TX,"Petronila Creek, 60-100m downstream from US88",Q2,27.6825,-97.7431,Nueces-Rio Grande,Petronila Creek,19-3-09, 03-04-19,,AD19-037,12,14,6,6,10,15,24,4,5,8,57.8,43.4,15,8.5,13.1,25.3,9.3,10.2,8.9,8.3,4,3.3,2
TNHC,42620,p.formosa,Nueces/TX,"Petronila Creek, 60-100m downstream from US89",Q2,27.6825,-97.7431,Nueces-Rio Grande,Petronila Creek,19-3-09, 03-04-19,,AD19-038,11,14,6,6,10,14,23,4,5,9,48.5,36.1,11.5,6.3,10.3,21.8,6.2,9.2,7.6,7.3,3.2,3.2,1
TNHC,42620,p.formosa,Nueces/TX,"Petronila Creek, 60-100m downstream from US90",Q2,27.6825,-97.7431,Nueces-Rio Grande,Petronila Creek,19-3-09, 03-04-19,,AD19-039,12,15,6,6,10,15,23,3,5,10,53.6,40.8,13.5,7.3,12.3,24.1,8.2,9.7,9,7.8,3.7,3.5,1
TNHC,42620,p.formosa,Nueces/TX,"Petronila Creek, 60-100m downstream from US91",Q2,27.6825,-97.7431,Nueces-Rio Grande,Petronila Creek,19-3-09, 03-04-19,,AD19-040,11,14,6,6,10,14,24,3,5,10,50.2,38.2,11.9,6.8,11.8,22.9,7.1,9.2,8.5,7.3,3.6,3.1,1
TNHC,42620,p.formosa,Nueces/TX,"Petronila Creek, 60-100m downstream from US92",Q2,27.6825,-97.7431,Nueces-Rio Grande,Petronila Creek,19-3-09, 03-04-19,,AD19-041,12,14,6,6,10,14,24,4,5,10,70,55.4,18.8,9.7,16.8,31.1,11.8,12.9,11.6,11.1,4.2,4.2,1
TNHC,42620,p.formosa,Nueces/TX,"Petronila Creek, 60-100m downstream from US93",Q2,27.6825,-97.7431,Nueces-Rio Grande,Petronila Creek,19-3-09, 03-04-19,,AD19-042,12,14,6,6,9,15,24,4,5,8,62.5,46.8,16.3,8.9,14.7,28.5,9.9,11.2,9.3,10.1,3.7,3.6,2
TNHC,42620,p.formosa,Nueces/TX,"Petronila Creek, 60-100m downstream from US94",Q2,27.6825,-97.7431,Nueces-Rio Grande,Petronila Creek,19-3-09, 03-04-19,,AD19-043,11,14,6,6,9,14,21,4,5,10,47.7,35.5,11.7,6,10.6,20.7,6.7,8.4,7.8,6.9,3.3,3.1,1
TNHC,42620,p.formosa,Nueces/TX,"Petronila Creek, 60-100m downstream from US95",Q2,27.6825,-97.7431,Nueces-Rio Grande,Petronila Creek,19-3-09, 03-04-19,,AD19-044,13,14,6,6,9,14,25,4,6,10,57.3,43.5,14.8,8,12.7,24.6,9.5,9.2,9.2,9.1,4,3.7,1
TNHC,42620,p.formosa,Nueces/TX,"Petronila Creek, 60-100m downstream from US96",Q2,27.6825,-97.7431,Nueces-Rio Grande,Petronila Creek,19-3-09, 03-04-19,,AD19-045,12,14,6,6,10,14,23,3,5,11,54,41.2,14.3,7.6,11.9,23.7,8.6,9.2,8.5,8.7,3.4,3.9,1
TNHC,42620,p.formosa,Nueces/TX,"Petronila Creek, 60-100m downstream from US97",Q2,27.6825,-97.7431,Nueces-Rio Grande,Petronila Creek,19-3-09, 03-04-19,,AD19-046,11,14,6,6,10,14,23,4,5,8,48.9,36.8,11.9,6.7,10.8,22.1,8,8.5,8,7.3,3.4,3.4,1
TNHC,42620,p.formosa,Nueces/TX,"Petronila Creek, 60-100m downstream from US98",Q2,27.6825,-97.7431,Nueces-Rio Grande,Petronila Creek,19-3-09, 03-04-19,,AD19-047,12,15,6,6,10,15,24,3,5,9,58.9,45.7,15.7,8.8,14,27.4,9,9.7,9.4,8.9,4.3,3.9,1
TNHC,42620,p.formosa,Nueces/TX,"Petronila Creek, 60-100m downstream from US99",Q2,27.6825,-97.7431,Nueces-Rio Grande,Petronila Creek,19-3-09, 03-04-19,,AD19-048,11,14,6,6,9,14,24,3,5,9,52.5,40,13,7.1,12.3,23.1,8.8,9.5,8.6,7.5,3.5,3.2,1
TNHC,42620,p.formosa,Nueces/TX,"Petronila Creek, 60-100m downstream from US100",Q2,27.6825,-97.7431,Nueces-Rio Grande,Petronila Creek,19-3-09,24-04-19,,AD19-049,12,14,6,6,9,14,26,4,5,10,63.7,48.8,16,9,14.4,28.7,9.6,10.7,10.6,10,4,3.9,1
TNHC,42620,p.formosa,Nueces/TX,"Petronila Creek, 60-100m downstream from US101",Q2,27.6825,-97.7431,Nueces-Rio Grande,Petronila Creek,19-3-09,24-04-19,,AD19-050,12,14,6,6,10,14,23,4,5,8,65.4,48.7,16.5,9.5,14.2,28.6,11.1,11.6,10.4,9.8,4.8,3.8,1
TNHC,34805,p.formosa,Cameron/TX,"Sanchez Pond, Brownsville",Q1,26.0223,-97.4582,Nueces-Rio Grande,Brownsville Ship Channel,30-1-96,15-1-20,,AD20-054,10,14,6,6,9,14,24,4,5,11,40,30.2,10,5,10,18,6,9,7,6,3,3,1
TNHC,34805,p.formosa,Cameron/TX,"Sanchez Pond, Brownsville",Q1,26.0223,-97.4582,Nueces-Rio Grande,Brownsville Ship Channel,30-1-96,15-1-20,,AD20-055,11,13,6,6,10,14,24,4,5,10,39,30,9,5,9,17,7,9,7,6,2,2,2
TNHC,34805,p.formosa,Cameron/TX,"Sanchez Pond, Brownsville",Q1,26.0223,-97.4582,Nueces-Rio Grande,Brownsville Ship Channel,30-1-96,15-1-20,,AD20-056,12,14,6,6,10,14,22,4,5,11,46,35,11,7,10,21,7,11,8,7,3,3,1
TNHC,34805,p.formosa,Cameron/TX,"Sanchez Pond, Brownsville",Q1,26.0223,-97.4582,Nueces-Rio Grande,Brownsville Ship Channel,30-1-96,15-1-20,,AD20-057,10,14,6,6,9,13,23,4,5,9,42,32,10,6,10,19,6,10,7,6,3,3,2
TNHC,34805,p.formosa,Cameron/TX,"Sanchez Pond, Brownsville",Q1,26.0223,-97.4582,Nueces-Rio Grande,Brownsville Ship Channel,30-1-96,15-1-20,,AD20-058,12,15,6,6,10,14,24,4,4,9,50,38,14,8,12,22,8,11,8,7,3,3,2
TNHC,34805,p.formosa,Cameron/TX,"Sanchez Pond, Brownsville",Q1,26.0223,-97.4582,Nueces-Rio Grande,Brownsville Ship Channel,30-1-96,16-1-20,,AD20-059,11,13,6,6,9,13,20,4,4,9,32.2,24.7,8.1,4.2,8.1,14.5,4.6,6.9,5.8,4.8,1.9,2.3,1
TNHC,34805,p.formosa,Cameron/TX,"Sanchez Pond, Brownsville",Q1,26.0223,-97.4582,Nueces-Rio Grande,Brownsville Ship Channel,30-1-96,16-1-20,,AD20-060,11,13,6,6,9,13,23,4,4,9,47.7,37,12.1,6.8,10.8,21.5,7.9,10.5,8.2,7,3.5,3.1,1
TNHC,34805,p.formosa,Cameron/TX,"Sanchez Pond, Brownsville",Q1,26.0223,-97.4582,Nueces-Rio Grande,Brownsville Ship Channel,30-1-96,16-1-20,,AD20-061,11,15,6,6,10,14,24,4,5,9,48.4,38.4,11.8,6.6,12.1,21.9,7.5,10.4,8.4,7.3,3.3,3.2,2
TNHC,34805,p.formosa,Cameron/TX,"Sanchez Pond, Brownsville",Q1,26.0223,-97.4582,Nueces-Rio Grande,Brownsville Ship Channel,30-1-96,16-1-20,,AD20-062,11,14,6,6,10,13,24,3,4,9,55.6,43.2,12.9,8,13.5,25.4,8.4,11.6,9.6,8.1,3.7,3.4,2
TNHC,34805,p.formosa,Cameron/TX,"Sanchez Pond, Brownsville",Q1,26.0223,-97.4582,Nueces-Rio Grande,Brownsville Ship Channel,30-1-96,16-1-20,,AD20-063,11,14,6,6,9,14,22,3,5,8,33,24.9,7.7,4.5,8.3,14.5,5.5,6.3,5.5,4.7,2.5,2.3,1
TNHC,34805,p.formosa,Cameron/TX,"Sanchez Pond, Brownsville",Q1,26.0223,-97.4582,Nueces-Rio Grande,Brownsville Ship Channel,30-1-96,17-1-20,,AD20-064,11,14,6,6,10,14,23,3,4,10,45.4,35.7,11.3,6.5,10.4,20.4,7.5,8.7,7.9,7.1,3,3.1,1
TNHC,34805,p.formosa,Cameron/TX,"Sanchez Pond, Brownsville",Q1,26.0223,-97.4582,Nueces-Rio Grande,Brownsville Ship Channel,30-1-96,17-1-20,,AD20-065,11,14,6,6,10,14,24,3,4,NA,61,46.7,13.3,7.5,13.4,26.9,8.9,9.8,10.1,8.8,3.4,3.8,1
TNHC,34805,p.formosa,Cameron/TX,"Sanchez Pond, Brownsville",Q1,26.0223,-97.4582,Nueces-Rio Grande,Brownsville Ship Channel,30-1-96,17-1-20,,AD20-066,11,13,6,6,10,14,22,4,5,9,42.5,32.2,9.6,5.8,9.4,18.1,6.2,6.3,7,6,2.7,3,2
TNHC,34805,p.formosa,Cameron/TX,"Sanchez Pond, Brownsville",Q1,26.0223,-97.4582,Nueces-Rio Grande,Brownsville Ship Channel,30-1-96,17-1-20,,AD20-067,11,13,6,6,10,14,24,3,5,9,50.1,38,12.8,7.7,11.6,22,7.6,9.2,8.9,7.4,3.5,3.4,2
TNHC,34805,p.formosa,Cameron/TX,"Sanchez Pond, Brownsville",Q1,26.0223,-97.4582,Nueces-Rio Grande,Brownsville Ship Channel,30-1-96,17-1-20,,AD20-068,11,14,6,6,10,15,22,3,3,10,38.4,29.5,9.1,5.3,8.1,17.4,6.4,6.6,6.4,5.6,2.7,2.7,2
TNHC,34805,p.formosa,Cameron/TX,"Sanchez Pond, Brownsville",Q1,26.0223,-97.4582,Nueces-Rio Grande,Brownsville Ship Channel,30-1-96,17-1-20,,AD20-069,11,14,6,6,9,15,24,4,5,9,43.2,33.2,10.4,6,10.3,19.4,6.9,7.5,7.2,6.2,3.3,2.8,2
TNHC,34805,p.formosa,Cameron/TX,"Sanchez Pond, Brownsville",Q1,26.0223,-97.4582,Nueces-Rio Grande,Brownsville Ship Channel,30-1-96,17-1-20,,AD20-070,10,14,6,6,10,14,23,4,4,10,37.5,28.5,9.6,5.3,9,17.5,5.1,6.7,6.3,5.7,2.8,2.7,1
TNHC,34805,p.formosa,Cameron/TX,"Sanchez Pond, Brownsville",Q1,26.0223,-97.4582,Nueces-Rio Grande,Brownsville Ship Channel,30-1-96,17-1-20,,AD20-071,11,14,6,6,9,14,23,4,4,10,33.5,25.5,7.5,4.8,7.1,14.7,5.1,6.4,5.1,4.8,2.4,2.3,1
TNHC,34805,p.formosa,Cameron/TX,"Sanchez Pond, Brownsville",Q1,26.0223,-97.4582,Nueces-Rio Grande,Brownsville Ship Channel,30-1-96,17-1-20,,AD20-072,10,13,6,6,10,14,22,4,5,9,33.3,24.2,7.6,4.4,7.1,15,3.9,5.4,5.5,5,2.3,2.5,2
TNHC,34805,p.formosa,Cameron/TX,"Sanchez Pond, Brownsville",Q1,26.0223,-97.4582,Nueces-Rio Grande,Brownsville Ship Channel,30-1-96,17-1-20,,AD20-073,11,14,6,6,10,14,24,3,5,9,41.9,31.7,10.6,5.9,10,18.5,5.8,8.5,7.2,6.2,3,2.8,1
TNHC,34805,p.formosa,Cameron/TX,"Sanchez Pond, Brownsville",Q1,26.0223,-97.4582,Nueces-Rio Grande,Brownsville Ship Channel,30-1-96,10-09-21,,AD20-074,11,13,6,6,9,14,24,3,4,9,35,26,8,5,9,16,4,6,6,6,3,2,2
TNHC,34805,p.formosa,Cameron/TX,"Sanchez Pond, Brownsville",Q1,26.0223,-97.4582,Nueces-Rio Grande,Brownsville Ship Channel,30-1-96,10-09-21,,AD20-075,11,12,6,6,9,14,23,4,4,9,32,24,8,4,8,15,4,6,5,6,3,2,3
TNHC,34805,p.formosa,Cameron/TX,"Sanchez Pond, Brownsville",Q1,26.0223,-97.4582,Nueces-Rio Grande,Brownsville Ship Channel,30-1-96,10-09-21,,AD20-076,11,14,6,6,9,13,22,3,5,9,37,29,9,5,7,18,6,6,7,7,3,2,2
TNHC,34805,p.formosa,Cameron/TX,"Sanchez Pond, Brownsville",Q1,26.0223,-97.4582,Nueces-Rio Grande,Brownsville Ship Channel,30-1-96,10-09-21,,AD20-077,11,13,6,6,9,12,22,3,6,10,32,25,8,4,7,15,4,6,6,5,3,2,2
TNHC,34805,p.formosa,Cameron/TX,"Sanchez Pond, Brownsville",Q1,26.0223,-97.4582,Nueces-Rio Grande,Brownsville Ship Channel,30-1-96,10-09-21,,AD20-078,11,14,6,6,9,14,21,3,4,10,37,29,9,5,9,16,5,7,7,6,3,2,1
TNHC,34805,p.formosa,Cameron/TX,"Sanchez Pond, Brownsville",Q1,26.0223,-97.4582,Nueces-Rio Grande,Brownsville Ship Channel,30-1-96,10-09-21,,AD20-079,12,14,6,6,9,13,22,3,4,10,24,19,6,3,5,11,3,5,4,3,2,2,2
TNHC,34711,p.formosa,Cameron/TX,"Sanchez Pond, Brownsville",Q1,26.0223,-97.4582,Nueces-Rio Grande,Brownsville Ship Channel,30-1-96,17-09-21,,AD20-080,12,13,6,6,10,15,22,4,6,9,42,34,8,6,10,20,7,7,7,8,3,2,3
TNHC,34711,p.formosa,Cameron/TX,"Sanchez Pond, Brownsville",Q1,26.0223,-97.4582,Nueces-Rio Grande,Brownsville Ship Channel,30-1-96,17-09-21,,AD20-081,12,14,6,6,10,14,25,4,5,10,43,33,12,6,10,21,6,8,7,7,3,2,1
TNHC,34711,p.formosa,Cameron/TX,"Sanchez Pond, Brownsville",Q1,26.0223,-97.4582,Nueces-Rio Grande,Brownsville Ship Channel,30-1-96,17-09-21,,AD20-082,11,15,6,6,10,13,NA,NA,NA,NA,NA,NA,NA,NA,NA,NA,NA,NA,NA,NA,NA,NA,3
TNHC,34711,p.formosa,Cameron/TX,"Sanchez Pond, Brownsville",Q1,26.0223,-97.4582,Nueces-Rio Grande,Brownsville Ship Channel,30-1-96,17-09-21,,AD20-083,13,14,6,6,10,14,24,3,5,10,45.5,36.5,12.3,6.1,11.3,20.3,6.6,7.8,6.9,6.7,3.2,3.2,1
TNHC,34711,p.formosa,Cameron/TX,"Sanchez Pond, Brownsville",Q1,26.0223,-97.4582,Nueces-Rio Grande,Brownsville Ship Channel,30-1-96,17-09-21,,AD20-084,10,14,6,6,10,14,21,3,5,10,37.9,28.5,9.2,5.3,8.8,17.3,6.2,7.3,6.1,5.5,2.3,2.8,1
TNHC,34711,p.formosa,Cameron/TX,"Sanchez Pond, Brownsville",Q1,26.0223,-97.4582,Nueces-Rio Grande,Brownsville Ship Channel,30-1-96,17-09-21,,AD20-085,12,14,6,6,10,14,24,3,5,9,42.3,32.3,12.3,6.1,9.9,19.5,7.3,8.5,6.8,6.5,3.5,3.4,1
TNHC,33243,p.formosa,Hildalgo/TX,"N floodway Llano Grande, ditch",Q1,26.07,-97.9612,Nueces-Rio Grande,Middle Arroyo Colorado,11-04-01,09-02-22,,AD20-089,13,12,6,6,10,13,22,3,5,9,38.8,31.9,9.6,4.6,7.4,20.1,6.9,8.7,7.5,6.2,2.7,3.3,2
TNHC,33243,p.formosa,Hildalgo/TX,"N floodway Llano Grande, ditch",Q1,26.07,-97.9612,Nueces-Rio Grande,Middle Arroyo Colorado,11-04-01,09-02-22,,AD20-090,12,13,6,6,10,14,19,3,5,9,42.2,32.1,8.7,5.3,9,18.7,4.8,7.8,7.1,5.9,2.7,2.6,2
TNHC,33243,p.formosa,Hildalgo/TX,"N floodway Llano Grande, ditch",Q1,26.07,-97.9612,Nueces-Rio Grande,Middle Arroyo Colorado,11-04-01,09-02-22,,AD22-001,13,13,6,6,10,14,23,4,4,9,46.5,36.3,10,5.3,10.9,21.7,6.2,8.9,7,6.8,3.5,2.8,2
TNHC,33243,p.formosa,Hildalgo/TX,"N floodway Llano Grande, ditch",Q1,26.07,-97.9612,Nueces-Rio Grande,Middle Arroyo Colorado,11-04-01,09-02-22,,AD22-002,12,13,6,6,10,12,23,3,4,10,44.2,35.3,9.2,5.6,9.8,22.8,6.1,8.4,7.4,6.3,2.8,2.8,2
TNHC,33243,p.formosa,Hildalgo/TX,"N floodway Llano Grande, ditch",Q1,26.07,-97.9612,Nueces-Rio Grande,Middle Arroyo Colorado,11-04-01,09-02-22,,AD22-003,11,13,6,6,10,14,26,3,5,11,45,34.5,9,4.6,10.9,20.4,6.1,8.2,6.3,6.5,2.8,3,2
TNHC,33243,p.formosa,Hildalgo/TX,"N floodway Llano Grande, ditch",Q1,26.07,-97.9612,Nueces-Rio Grande,Middle Arroyo Colorado,11-04-01,09-02-22,,AD22-004,12,14,6,6,10,14,22,3,4,10,45.6,36.3,9.6,6.2,9.2,21,7.1,8.3,7.6,6.6,3.3,2.5,1
TNHC,33243,p.formosa,Hildalgo/TX,"N floodway Llano Grande, ditch",Q1,26.07,-97.9612,Nueces-Rio Grande,Middle Arroyo Colorado,11-04-01,11-02-22,,AD22-005,11,13,6,6,10,14,25,3,NA,11,39.6,32.3,7.2,5.2,10.2,18,4.2,7.3,6.6,5.3,1.7,2.6,2
TNHC,33243,p.formosa,Hildalgo/TX,"N floodway Llano Grande, ditch",Q1,26.07,-97.9612,Nueces-Rio Grande,Middle Arroyo Colorado,11-04-01,11-02-22,,AD22-006,12,13,6,6,10,14,21,3,5,9,49,37.4,10.7,5.5,10.2,23.6,7.2,10,8.7,6.9,3.5,2.4,2
TNHC,33243,p.formosa,Hildalgo/TX,"N floodway Llano Grande, ditch",Q1,26.07,-97.9612,Nueces-Rio Grande,Middle Arroyo Colorado,11-04-01,11-02-22,,AD22-007,11,14,6,6,10,14,22,3,5,10,46.4,35.4,10.6,6.3,10,21.4,6.1,8.9,7.2,6.1,3,2.5,1
TNHC,33243,p.formosa,Hildalgo/TX,"N floodway Llano Grande, ditch",Q1,26.07,-97.9612,Nueces-Rio Grande,Middle Arroyo Colorado,11-04-01,11-02-22,,AD22-008,12,13,6,6,10,15,23,3,5,10,46.5,37.5,9.8,6.1,10.9,21.3,5.5,8.4,6.7,6.7,3,2.7,3
TNHC,33243,p.formosa,Hildalgo/TX,"N floodway Llano Grande, ditch",Q1,26.07,-97.9612,Nueces-Rio Grande,Middle Arroyo Colorado,11-04-01,11-02-22,,AD22-009,12,15,6,6,10,15,23,4,5,8,59.5,46.7,14.1,8.8,14.1,26.8,9,11.3,9.5,8.3,3.4,3.2,1
TNHC,33243,p.formosa,Hildalgo/TX,"N floodway Llano Grande, ditch",Q1,26.07,-97.9612,Nueces-Rio Grande,Middle Arroyo Colorado,11-04-01,11-02-22,,AD22-010,11,14,6,6,10,15,24,3,6,10,49.9,39.3,13.2,6.6,11.8,23.6,7.8,10.1,7.9,7.2,3.1,3.1,2
TNHC,33243,p.formosa,Hildalgo/TX,"N floodway Llano Grande, ditch",Q1,26.07,-97.9612,Nueces-Rio Grande,Middle Arroyo Colorado,11-04-01,14-02-22,,AD22-011,12,15,6,6,10,14,23,3,5,12,50.4,38.9,11.2,6.2,11,23.5,7.2,9.9,6.8,7,2.9,3.1,2
TNHC,33243,p.formosa,Hildalgo/TX,"N floodway Llano Grande, ditch",Q1,26.07,-97.9612,Nueces-Rio Grande,Middle Arroyo Colorado,11-04-01,14-02-22,,AD22-012,11,15,6,6,10,14,22,3,5,9,38,30.2,7.3,4.8,9.1,17.6,6.5,7.4,6.1,5.3,2.5,2.9,2
TNHC,33243,p.formosa,Hildalgo/TX,"N floodway Llano Grande, ditch",Q1,26.07,-97.9612,Nueces-Rio Grande,Middle Arroyo Colorado,11-04-01,14-02-22,,AD22-013,12,15,6,6,10,15,22,3,5,9,55.9,44.2,13.8,7.8,13.2,24.7,9.1,9.8,8.5,8,3.1,3.5,1
TNHC,33243,p.formosa,Hildalgo/TX,"N floodway Llano Grande, ditch",Q1,26.07,-97.9612,Nueces-Rio Grande,Middle Arroyo Colorado,11-04-01,14-02-22,,AD22-014,11,15,6,6,10,15,21,3,4,9,41.6,32.5,9.1,4.9,9.5,19.3,6.1,8.2,6.6,5.7,2.9,2.8,1
TNHC,33243,p.formosa,Hildalgo/TX,"N floodway Llano Grande, ditch",Q1,26.07,-97.9612,Nueces-Rio Grande,Middle Arroyo Colorado,11-04-01,14-02-22,,AD22-015,12,14,6,6,10,14,NA,NA,NA,NA,41.7,34.2,9.6,5.2,11.9,18.8,6.2,8.2,7.2,5.4,2.3,2.5,1
TNHC,33243,p.formosa,Hildalgo/TX,"N floodway Llano Grande, ditch",Q1,26.07,-97.9612,Nueces-Rio Grande,Middle Arroyo Colorado,11-04-01,14-02-22,,AD22-016,12,13,6,6,10,15,21,2,6,9,46.9,36.2,9.7,5.9,10,22.2,4.4,8.2,6.9,7.2,3.4,3,3
TNHC,33243,p.formosa,Hildalgo/TX,"N floodway Llano Grande, ditch",Q1,26.07,-97.9612,Nueces-Rio Grande,Middle Arroyo Colorado,11-04-01,23-03-22,,AD22-017,11,14,6,6,10,14,24,3,5,9,42.7,33.3,9.1,5.3,10.7,19.4,5.8,7.9,6.7,5.7,2.4,3,1
TNHC,33243,p.formosa,Hildalgo/TX,"N floodway Llano Grande, ditch",Q1,26.07,-97.9612,Nueces-Rio Grande,Middle Arroyo Colorado,11-04-01,23-03-22,,AD22-018,12,14,6,6,10,14,20,3,5,9,37.8,31.1,7.7,5.1,8.7,19.1,5.6,8.2,6.4,5.3,2.3,2.5,1
TNHC,33243,p.formosa,Hildalgo/TX,"N floodway Llano Grande, ditch",Q1,26.07,-97.9612,Nueces-Rio Grande,Middle Arroyo Colorado,11-04-01,23-03-22,,AD22-019,13,15,6,6,10,15,NA,NA,NA,NA,32.8,25.8,7,4.3,8.9,14.6,5.1,6.9,5.6,4.5,2,2.3,1
TNHC,61117,p.formosa,Calhoun/TX,Hog Bayou W of SH 35 @ boat ramp,Q2,28.4966,-96.8436,Lavaca-Guadalupe,Black Bayou-Green Lake,20-04-16,11-05-22,,AD22-027,12,15,6,6,10,15,24,3,5,10,NA,44.2,14.2,8.7,13.2,25,8.3,10,9,8,3.4,3.6,1
TNHC,61117,p.formosa,Calhoun/TX,Hog Bayou W of SH 35 @ boat ramp,Q2,28.4966,-96.8436,Lavaca-Guadalupe,Black Bayou-Green Lake,20-04-16,11-05-22,,AD22-028,11,15,6,6,10,14,24,3,5,11,46.7,36.6,11.4,6,11.1,22.3,7.6,9,7.5,6.7,2.8,3.1,2
TNHC,61117,p.formosa,Calhoun/TX,Hog Bayou W of SH 35 @ boat ramp,Q2,28.4966,-96.8436,Lavaca-Guadalupe,Black Bayou-Green Lake,20-04-16,11-05-22,,AD22-029,11,15,6,6,10,14,25,3,5,10,45.9,37.6,10.7,6,10.3,21.1,7.5,9.6,7.9,6.7,3.2,3.1,2
TNHC,61117,p.formosa,Calhoun/TX,Hog Bayou W of SH 35 @ boat ramp,Q2,28.4966,-96.8436,Lavaca-Guadalupe,Black Bayou-Green Lake,20-04-16,11-05-22,,AD22-030,11,14,6,6,10,14,26,3,5,10,45.5,36.7,11.9,6.1,10.5,21.7,6.4,8.7,8,6.6,2.8,3.5,1
TNHC,61117,p.formosa,Calhoun/TX,Hog Bayou W of SH 35 @ boat ramp,Q2,28.4966,-96.8436,Lavaca-Guadalupe,Black Bayou-Green Lake,20-04-16,11-05-22,,AD22-031,11,14,6,6,10,15,25,3,5,10,41.3,32.7,9.2,5.3,9.9,18.5,5.9,8.5,7.2,5.9,3,2.9,2
TNHC,61117,p.formosa,Calhoun/TX,Hog Bayou W of SH 35 @ boat ramp,Q2,28.4966,-96.8436,Lavaca-Guadalupe,Black Bayou-Green Lake,20-04-16,11-05-22,,AD22-032,11,15,6,6,10,15,24,3,4,10,40.3,32.2,9,5.1,9,19,4.6,8.6,7.6,5.7,2.7,3,1
TNHC,61117,p.formosa,Calhoun/TX,Hog Bayou W of SH 35 @ boat ramp,Q2,28.4966,-96.8436,Lavaca-Guadalupe,Black Bayou-Green Lake,20-04-16,11-05-22,,AD22-033,11,14,6,6,10,15,22,3,4,9,38.4,29.6,9.2,5,9.4,17.2,4.8,7.3,6.2,5.5,2.8,2.8,2
TNHC,42651,p.formosa,Refugio/TX,"Mission River in Refugio, US 77 Bridge",Q2,28.2924,-97.2784,San Antonio-Nueces Coastal,Mission River,23-04-09,11-05-22,,AD22-034,12,15,6,6,10,14,24,3,4,10,40.9,31.7,9.2,5.2,9.3,18.4,5.9,7.5,7,5.9,2.7,2.9,2
TNHC,42651,p.formosa,Refugio/TX,"Mission River in Refugio, US 77 Bridge",Q2,28.2924,-97.2784,San Antonio-Nueces Coastal,Mission River,23-04-09,11-05-22,,AD22-035,12,14,6,6,9,14,25,3,5,10,39.8,30.2,9.5,4.6,9.1,17.1,5.9,8,6.4,5.6,2.9,3,1
TNHC,42651,p.formosa,Refugio/TX,"Mission River in Refugio, US 77 Bridge",Q2,28.2924,-97.2784,San Antonio-Nueces Coastal,Mission River,23-04-09,11-05-22,,AD22-036,12,14,6,6,10,14,26,3,4,10,38.3,29,7.8,5.1,8.6,16.5,4.6,6.5,5.7,5.2,2.9,2.3,1
TNHC,42651,p.formosa,Refugio/TX,"Mission River in Refugio, US 77 Bridge",Q2,28.2924,-97.2784,San Antonio-Nueces Coastal,Mission River,23-04-09,11-05-22,,AD22-037,12,14,6,6,10,14,25,3,5,10,34.2,26.9,7.9,4,7.4,16,5,6.8,5.7,4.8,3,2.4,1
TNHC,45309,p.formosa,Refugio/TX,Big Chocolate Bayou at TX 35,Q3,28.5789,-96.7007,San Antonio-Nueces Coastal,Mission River,19-05-09,18-10-22,,AD22-075,11,14,6,6,10,15,24,3,4,9,56.3,44.2,13.2,8,13.1,25.9,8.8,9.8,8.9,7.9,3.9,3.7,2
TNHC,39936,p.formosa,Hays/TX,San Marcos River below Hwy 35,Q4,29.8639,-97.9266,Guadalupe River,Upper San Marcos River,15-04-67,18-10-22,,AD22-076,13,15,6,6,10,15,25,3,5,10,56.3,44.7,13,8.1,14,24.2,9.5,9,8.3,8.2,3.7,3.3,1
UMMZ,97599,p.formosa,Veracrux/MX,"Estero Cucharas, 25mi from Laguna Tamiahua",Q1,21.5,-99.7,Panuco-Tamesi,Rio Guayalejo,30-04-30,20-01-23,,AD22-077,12,NA,6,6,9,14,25,3,4,9,57.5,46.2,13.7,8.3,14.5,25.5,9.8,10.3,9.7,8.4,3.6,3.3,NA
UMMZ,97599,p.formosa,Veracrux/MX,"Estero Cucharas, 25mi from Laguna Tamiahua",Q1,21.5,-99.7,Panuco-Tamesi,Rio Guayalejo,30-04-30,20-01-23,,AD22-078,11,16,6,6,10,16,26,4,5,11,61.1,46.6,13.9,8.5,14.3,27.4,7.5,12.5,10.4,8.8,3.8,3.7,1
UMMZ,97599,p.formosa,Veracrux/MX,"Estero Cucharas, 25mi from Laguna Tamiahua",Q1,21.5,-99.7,Panuco-Tamesi,Rio Guayalejo,30-04-30,20-01-23,,AD22-079,12,14,6,6,10,14,NA,NA,NA,10,NA,41.6,12.5,6.8,11.8,22.4,7.5,8.7,8.7,7.8,3.7,4,1
UMMZ,97599,p.formosa,Veracrux/MX,"Estero Cucharas, 25mi from Laguna Tamiahua",Q1,21.5,-99.7,Panuco-Tamesi,Rio Guayalejo,30-04-30,20-01-23,,AD22-080,12,15,6,6,10,13,23,4,5,9,55.2,42,13.9,7.3,11.4,23.6,8.6,10.2,9.8,8.7,4,3.6,3
UMMZ,97599,p.formosa,Veracrux/MX,"Estero Cucharas, 25mi from Laguna Tamiahua",Q1,21.5,-99.7,Panuco-Tamesi,Rio Guayalejo,30-04-30,20-01-23,,AD22-081,12,15,6,6,10,16,26,3,4,11,87.9,66.7,21.7,13.3,20.1,36.7,14.6,16.6,15.3,13.5,4.9,4.8,2
UMMZ,97599,p.formosa,Veracrux/MX,"Estero Cucharas, 25mi from Laguna Tamiahua",Q1,21.5,-99.7,Panuco-Tamesi,Rio Guayalejo,30-04-30,20-01-23,,AD22-082,12,14,6,6,10,14,24,4,5,10,53.6,41.1,13.4,8.1,12.6,24.6,8.6,10.6,9.9,8.6,3.6,3.8,1
UMMZ,97599,p.formosa,Veracrux/MX,"Estero Cucharas, 25mi from Laguna Tamiahua",Q1,21.5,-99.7,Panuco-Tamesi,Rio Guayalejo,30-04-30,20-01-23,,AD22-083,12,14,6,6,9,14,21,3,5,9,47.3,37.8,11.8,6.1,11.9,21.5,7,8.3,8.1,7.4,3.7,3.2,1
UMMZ,97599,p.formosa,Veracrux/MX,"Estero Cucharas, 25mi from Laguna Tamiahua",Q1,21.5,-99.7,Panuco-Tamesi,Rio Guayalejo,30-04-30,20-01-23,,AD22-084,12,15,6,6,10,14,24,3,4,9,44.9,33.6,10.1,5.7,10.9,18.1,7,7.8,7.7,6.3,2.8,3.3,2
UMMZ,97599,p.formosa,Veracrux/MX,"Estero Cucharas, 25mi from Laguna Tamiahua",Q1,21.5,-99.7,Panuco-Tamesi,Rio Guayalejo,30-04-30,20-01-23,,AD22-085,11,15,6,6,10,15,25,3,5,9,50.2,41.4,12.8,7.3,12,24.1,7.6,8.9,8.8,7.8,3.9,3.3,1
UMMZ,97599,p.formosa,Veracrux/MX,"Estero Cucharas, 25mi from Laguna Tamiahua",Q1,21.5,-99.7,Panuco-Tamesi,Rio Guayalejo,30-04-30,20-01-23,,AD22-086,12,15,6,6,10,14,24,3,6,9,53.6,42.9,13,8.5,13.9,23.2,8.5,9.7,9.3,8,3.9,3.4,2
UMMZ,97599,p.formosa,Veracrux/MX,"Estero Cucharas, 25mi from Laguna Tamiahua",Q1,21.5,-99.7,Panuco-Tamesi,Rio Guayalejo,30-04-30,20-01-23,,AD22-087,12,15,6,6,10,15,26,3,5,10,49.6,37.5,12.8,7.4,12.5,21.6,7.9,9.9,8.9,7.3,3.5,3.5,1
UMMZ,97599,p.formosa,Veracrux/MX,"Estero Cucharas, 25mi from Laguna Tamiahua",Q1,21.5,-99.7,Panuco-Tamesi,Rio Guayalejo,30-04-30,20-01-23,,AD22-088,12,14,6,6,10,14,NA,3,5,9,NA,45.3,14.9,8.7,13.5,24.7,8.6,10.3,9.5,8.6,3.9,3.5,1
UMMZ,203276,p.formosa,Tamaulipas/MX,"Laguna de Puerto, Hwy 80",Q1,22.3,-97.9166667,Panuco-Tamesi,Rio Guayalejo,21-07-65,22-08-23,,AD23-037,12,14,6,6,10,14,23,3,5,10,66.7,53.5,16,9.5,16.2,30,10.3,12.8,10.2,9.4,4.2,4.8,1
UMMZ,203276,p.formosa,Tamaulipas/MX,"Laguna de Puerto, Hwy 81",Q1,22.3,-97.9166667,Panuco-Tamesi,Rio Guayalejo,21-07-65,22-08-23,,AD23-038,12,14,6,6,9,14,24,3,5,10,51.7,40.2,12.5,7.2,11.3,24.4,7.4,10.4,9.2,7.3,2.7,3.9,1
UMMZ,203276,p.formosa,Tamaulipas/MX,"Laguna de Puerto, Hwy 82",Q1,22.3,-97.9166667,Panuco-Tamesi,Rio Guayalejo,21-07-65,22-08-23,,AD23-039,12,14,6,6,10,14,24,3,5,11,46.6,35.3,10.9,6.5,10,21.1,7.4,8.6,7.4,6.9,3.3,3.2,1
UMMZ,203276,p.formosa,Tamaulipas/MX,"Laguna de Puerto, Hwy 83",Q1,22.3,-97.9166667,Panuco-Tamesi,Rio Guayalejo,21-07-65,22-08-23,,AD23-040,11,14,6,6,9,14,NA,3,5,NA,NA,45,12.2,7.5,14.5,24.5,9,10.1,9,7.7,3.6,3.7,1
UMMZ,203276,p.formosa,Tamaulipas/MX,"Laguna de Puerto, Hwy 84",Q1,22.3,-97.9166667,Panuco-Tamesi,Rio Guayalejo,21-07-65,22-08-23,,AD23-041,11,13,6,6,10,14,24,3,5,11,NA,41.1,12.5,7.5,10.2,23.9,9.2,10.5,9.3,7.6,3.3,3.8,2
UMMZ,203276,p.formosa,Tamaulipas/MX,"Laguna de Puerto, Hwy 85",Q1,22.3,-97.9166667,Panuco-Tamesi,Rio Guayalejo,21-07-65,22-08-23,,AD23-042,10,15,6,6,9,15,24,3,5,11,61.3,48.4,15.6,8.5,14.9,27,9.5,10.4,10,8.9,3.5,3.8,1
UMMZ,203276,p.formosa,Tamaulipas/MX,"Laguna de Puerto, Hwy 86",Q1,22.3,-97.9166667,Panuco-Tamesi,Rio Guayalejo,21-07-65,22-08-23,,AD23-043,12,14,6,6,9,14,NA,3,5,NA,54.9,43,12.4,7.4,13.3,24,9.4,9.4,9,7.5,3.8,3.8,1
UMMZ,203276,p.formosa,Tamaulipas/MX,"Laguna de Puerto, Hwy 87",Q1,22.3,-97.9166667,Panuco-Tamesi,Rio Guayalejo,21-07-65,22-08-23,,AD23-044,12,14,6,6,10,14,24,3,5,11,39.6,31,9.6,5.5,8.9,18.2,5.9,6.6,6.5,5.7,2.9,3,1
UMMZ,203276,p.formosa,Tamaulipas/MX,"Laguna de Puerto, Hwy 88",Q1,22.3,-97.9166667,Panuco-Tamesi,Rio Guayalejo,21-07-65,22-08-23,,AD23-045,11,14,6,6,10,14,23,3,5,10,57.8,45.4,14.6,8,13.3,26.6,8.9,9.5,9.3,8.1,3.6,3.9,1
UMMZ,203276,p.formosa,Tamaulipas/MX,"Laguna de Puerto, Hwy 89",Q1,22.3,-97.9166667,Panuco-Tamesi,Rio Guayalejo,21-07-65,22-08-23,,AD23-046,11,14,6,6,10,14,24,3,5,11,59.3,45.5,14.5,8.5,14.5,26.7,9.8,10.8,10,8.9,3.2,3.8,1
UMMZ,203276,p.formosa,Tamaulipas/MX,"Laguna de Puerto, Hwy 90",Q1,22.3,-97.9166667,Panuco-Tamesi,Rio Guayalejo,21-07-65,22-08-23,,AD23-047,13,14,6,6,10,14,25,3,5,NA,47.3,37.5,11.5,6.6,11.7,20.3,8.2,8.8,7.5,6.9,3,3.2,1
UMMZ,203276,p.formosa,Tamaulipas/MX,"Laguna de Puerto, Hwy 91",Q1,22.3,-97.9166667,Panuco-Tamesi,Rio Guayalejo,21-07-65,24-08-23,,AD23-048,12,14,6,6,10,13,25,3,5,11,43.5,33.4,10.2,5.8,9.5,19,6.8,8.1,7.1,6.5,3.1,2.6,2
UMMZ,203276,p.formosa,Tamaulipas/MX,"Laguna de Puerto, Hwy 92",Q1,22.3,-97.9166667,Panuco-Tamesi,Rio Guayalejo,21-07-65,24-08-23,,AD23-049,12,14,6,6,10,14,NA,3,5,11,42.5,32.5,9.9,5.5,9.9,18.8,6.8,7.7,7.3,6.5,3,2.8,1
UMMZ,203276,p.formosa,Tamaulipas/MX,"Laguna de Puerto, Hwy 93",Q1,22.3,-97.9166667,Panuco-Tamesi,Rio Guayalejo,21-07-65,24-08-23,,AD23-050,12,14,6,6,10,14,24,3,5,10,44.4,33.9,10.3,6.5,10,20.5,6.8,8.6,7.4,6.6,2.9,2.9,1
UMMZ,203276,p.formosa,Tamaulipas/MX,"Laguna de Puerto, Hwy 94",Q1,22.3,-97.9166667,Panuco-Tamesi,Rio Guayalejo,21-07-65,24-08-23,,AD23-051,11,15,6,6,10,14,24,3,5,10,47.8,37.8,11.5,7.1,11.5,22.2,7.1,8.5,8,7.5,3.1,3.6,2
UMMZ,203276,p.formosa,Tamaulipas/MX,"Laguna de Puerto, Hwy 95",Q1,22.3,-97.9166667,Panuco-Tamesi,Rio Guayalejo,21-07-65,24-08-23,,AD23-052,10,14,6,6,10,14,24,3,5,NA,58.8,45.8,12.3,7.9,12.7,25.7,8.4,10.3,10.2,8.1,3.8,4.5,1
UMMZ,203276,p.formosa,Tamaulipas/MX,"Laguna de Puerto, Hwy 96",Q1,22.3,-97.9166667,Panuco-Tamesi,Rio Guayalejo,21-07-65,24-08-23,,AD23-053,12,11,6,6,9,14,25,3,5,10,64.5,50.6,16.5,9,14.7,30,10.3,14.2,11.5,8,4,4,4
UMMZ,97600,p.formosa,Nuevo Leon/MX,Rio Potosi ca 15miN of Linares,Q1,24.9666667,-99.7,Panuco-Tamesi,Rio Guayalejo,22-04-30,24-08-23,,AD23-054,12,14,6,6,10,14,25,3,5,10,35.8,27.5,8.4,4.5,7.5,16.2,6.1,7.9,6.5,5.4,2.6,2.7,1
UMMZ,97600,p.formosa,Nuevo Leon/MX,Rio Potosi ca 15miN of Linares,Q1,24.9666667,-99.7,Panuco-Tamesi,Rio Guayalejo,22-04-30,24-08-23,,AD23-055,11,13,6,6,10,14,25,3,6,10,34.3,26.5,8.4,4.3,7.5,15.9,5.5,7.5,6.2,5.3,2.3,2.7,2
UMMZ,97600,p.formosa,Nuevo Leon/MX,Rio Potosi ca 15miN of Linares,Q1,24.9666667,-99.7,Panuco-Tamesi,Rio Guayalejo,22-04-30,24-08-23,,AD23-056,11,13,6,6,10,13,23,3,5,11,38.6,30.4,9.9,5.4,8.5,18.6,5.4,8,6.5,6.2,2.7,2.8,1
UMMZ,97600,p.formosa,Nuevo Leon/MX,Rio Potosi ca 15miN of Linares,Q1,24.9666667,-99.7,Panuco-Tamesi,Rio Guayalejo,22-04-30,24-08-23,,AD23-057,12,14,6,6,10,15,25,3,5,10,37.2,29.4,9.5,4.8,8.6,17.1,5.5,8.4,6.6,5.7,2.5,2.6,2
UMMZ,97600,p.formosa,Nuevo Leon/MX,Rio Potosi ca 15miN of Linares,Q1,24.9666667,-99.7,Panuco-Tamesi,Rio Guayalejo,22-04-30,24-08-23,,AD23-058,12,14,6,6,10,13,23,3,5,10,36.9,27.7,9.1,4.8,7.2,17.1,5.6,8.1,6.9,5.5,2.4,2.6,2
UMMZ,97600,p.formosa,Nuevo Leon/MX,Rio Potosi ca 15miN of Linares,Q1,24.9666667,-99.7,Panuco-Tamesi,Rio Guayalejo,22-04-30,24-08-23,,AD23-059,12,15,6,6,10,14,24,3,5,10,40.9,31.2,9.4,5.4,8.5,17.5,6.6,8.7,7.4,5.9,2.5,3.4,2
UMMZ,97600,p.formosa,Nuevo Leon/MX,Rio Potosi ca 15miN of Linares,Q1,24.9666667,-99.7,Panuco-Tamesi,Rio Guayalejo,22-04-30,24-08-23,,AD23-060,11,14,6,6,10,14,24,3,5,10,35.4,26.9,9.5,4.5,7.9,16.5,6.2,7.5,6.2,5.5,2.2,2.6,1
UMMZ,97600,p.formosa,Nuevo Leon/MX,Rio Potosi ca 15miN of Linares,Q1,24.9666667,-99.7,Panuco-Tamesi,Rio Guayalejo,22-04-30,24-08-23,,AD23-061,12,15,6,6,10,14,24,3,5,10,37,28.9,8.4,5.1,8.9,16.6,5.6,7.8,6.6,5.4,2.7,2.7,2
UMMZ,97600,p.formosa,Nuevo Leon/MX,Rio Potosi ca 15miN of Linares,Q1,24.9666667,-99.7,Panuco-Tamesi,Rio Guayalejo,22-04-30,24-08-23,,AD23-062,11,14,6,6,9,14,23,3,5,10,37.8,29,8.3,4.5,8,16.8,6.6,7.9,6.5,5.7,2,2.8,1
UMMZ,97600,p.formosa,Nuevo Leon/MX,Rio Potosi ca 15miN of Linares,Q1,24.9666667,-99.7,Panuco-Tamesi,Rio Guayalejo,22-04-30,24-08-23,,AD23-063,11,14,6,6,10,13,23,3,5,10,34,25.8,8,4.4,6.6,15.3,5.1,6.7,6.1,5,2,2.4,2
UMMZ,97600,p.formosa,Nuevo Leon/MX,Rio Potosi ca 15miN of Linares,Q1,24.9666667,-99.7,Panuco-Tamesi,Rio Guayalejo,22-04-30,24-08-23,,AD23-064,12,13,6,6,10,14,24,3,4,10,34.2,26.5,7.4,4.6,7.4,15.7,5.4,6.8,6,5.3,2.2,3,2
UMMZ,97600,p.formosa,Nuevo Leon/MX,Rio Potosi ca 15miN of Linares,Q1,24.9666667,-99.7,Panuco-Tamesi,Rio Guayalejo,22-04-30,24-08-23,,AD23-065,12,14,6,6,10,14,24,3,5,10,38.3,29.2,7.4,5.1,8.1,17.1,7.5,7.8,6.5,5.6,2.6,3,1
UMMZ,203282,p.formosa,Tamaulipas/MX,Laguna de Champayan,Q1,22.3,-97.8666667,Panuco-Tamesi,Rio Guayalejo,21-07-65,24-08-23,,AD23-066,12,14,6,6,10,13,24,3,5,10,48.8,38,11.9,6.6,11.5,22.1,7.8,10.3,8.5,6.9,2.5,3.5,2
UMMZ,203282,p.formosa,Tamaulipas/MX,Laguna de Champayan,Q1,22.3,-97.8666667,Panuco-Tamesi,Rio Guayalejo,21-07-65,24-08-23,,AD23-067,12,14,6,6,9,14,24,3,5,10,42.6,33.1,9.8,6.3,10.1,19,7.1,8.6,7.5,6.5,1.9,2.9,1
UMMZ,203282,p.formosa,Tamaulipas/MX,Laguna de Champayan,Q1,22.3,-97.8666667,Panuco-Tamesi,Rio Guayalejo,21-07-65,24-08-23,,AD23-068,12,14,6,6,10,14,23,3,5,10,43.9,34.9,10.9,6.3,10.3,20.7,7.5,9.1,7.4,6.4,3,3,1
UMMZ,203282,p.formosa,Tamaulipas/MX,Laguna de Champayan,Q1,22.3,-97.8666667,Panuco-Tamesi,Rio Guayalejo,21-07-65,24-08-23,,AD23-069,11,14,6,6,10,14,24,3,4,11,47.7,38.1,12.1,6.9,10.6,22.6,7.1,9.7,8.2,7.4,3.4,3.5,1
UMMZ,203282,p.formosa,Tamaulipas/MX,Laguna de Champayan,Q1,22.3,-97.8666667,Panuco-Tamesi,Rio Guayalejo,21-07-65,24-08-23,,AD23-070,12,14,6,6,9,14,24,3,5,,40.7,32.1,9.5,5.5,9.1,18.5,6.1,8,6.7,6.2,2.8,2.5,1
UMMZ,203282,p.formosa,Tamaulipas/MX,Laguna de Champayan,Q1,22.3,-97.8666667,Panuco-Tamesi,Rio Guayalejo,21-07-65,24-08-23,,AD23-071,11,14,6,6,9,14,24,3,4,10,43.1,33.4,11.1,5.3,11,20.3,7.1,8.6,8,6.2,2.7,2.7,1
UMMZ,203282,p.formosa,Tamaulipas/MX,Laguna de Champayan,Q1,22.3,-97.8666667,Panuco-Tamesi,Rio Guayalejo,21-07-65,24-08-23,,AD23-072,12,15,6,6,10,14,24,3,5,10,42.6,32.8,11,5.7,9.6,18.7,6.4,8.8,7.1,6.2,2.7,3,2
UMMZ,203282,p.formosa,Tamaulipas/MX,Laguna de Champayan,Q1,22.3,-97.8666667,Panuco-Tamesi,Rio Guayalejo,21-07-65,24-08-23,,AD23-073,12,14,6,6,10,14,23,3,5,10,51.8,40.7,12.4,7.5,12.5,23.4,8.5,9.9,9,7.8,3.4,3.6,1
UMMZ,203282,p.formosa,Tamaulipas/MX,Laguna de Champayan,Q1,22.3,-97.8666667,Panuco-Tamesi,Rio Guayalejo,21-07-65,24-08-23,,AD23-074,12,14,6,6,9,14,25,3,5,10,40.5,31.4,9.4,5.4,9.8,18.2,6.3,9,6.8,6.3,2.7,2.8,1
UMMZ,203282,p.formosa,Tamaulipas/MX,Laguna de Champayan,Q1,22.3,-97.8666667,Panuco-Tamesi,Rio Guayalejo,21-07-65,24-08-23,,AD23-075,12,15,6,6,10,14,25,3,5,10,39.5,30.7,10.1,5.4,9.5,17.6,6.4,8.4,7,5.8,2.3,3,2
UMMZ,203282,p.formosa,Tamaulipas/MX,Laguna de Champayan,Q1,22.3,-97.8666667,Panuco-Tamesi,Rio Guayalejo,21-07-65,24-08-23,,AD23-076,12,14,6,6,10,14,24,3,5,11,46.7,36.8,11.2,6.5,10.5,21.9,7.3,9.4,8.2,6.6,2,3.1,1
UMMZ,203282,p.formosa,Tamaulipas/MX,Laguna de Champayan,Q1,22.3,-97.8666667,Panuco-Tamesi,Rio Guayalejo,21-07-65,24-08-23,,AD23-077,13,14,6,6,10,13,25,3,5,10,52.3,40.5,13.8,7.9,11.5,23.1,9.1,11,9.3,7.8,2.9,3.3,2
UMMZ,203282,p.formosa,Tamaulipas/MX,Laguna de Champayan,Q1,22.3,-97.8666667,Panuco-Tamesi,Rio Guayalejo,21-07-65,24-08-23,,AD23-078,12,13,6,6,10,13,24,3,5,10,45.5,35,10.8,6.6,10.5,20.6,7.2,9.6,8.1,6.4,2.7,3,1
UMMZ,203282,p.formosa,Tamaulipas/MX,Laguna de Champayan,Q1,22.3,-97.8666667,Panuco-Tamesi,Rio Guayalejo,21-07-65,24-08-23,,AD23-079,12,13,6,6,9,13,23,3,5,10,45.2,35.2,11.2,6.3,10.5,20.2,6.7,8.2,7.6,6.6,2.6,3.1,1
UMMZ,203282,p.formosa,Tamaulipas/MX,Laguna de Champayan,Q1,22.3,-97.8666667,Panuco-Tamesi,Rio Guayalejo,21-07-65,24-08-23,,AD23-080,12,14,6,6,10,14,25,3,5,10,36.9,29,9.1,5.3,8.4,15.9,5.7,7.8,6.3,5.4,2.2,2.6,1
UMMZ,203282,p.formosa,Tamaulipas/MX,Laguna de Champayan,Q1,22.3,-97.8666667,Panuco-Tamesi,Rio Guayalejo,21-07-65,24-08-23,,AD23-081,12,13,6,6,9,14,24,3,5,10,49.2,38.4,12.1,6.6,10.9,23,7.1,9.5,8.3,7,2.7,2.9,2
UMMZ,203282,p.formosa,Tamaulipas/MX,Laguna de Champayan,Q1,22.3,-97.8666667,Panuco-Tamesi,Rio Guayalejo,21-07-65,24-08-23,,AD23-082,12,13,6,6,9,14,25,3,5,10,48.5,37.9,11,6.2,10.4,21.8,7.9,10,8.6,6,2.8,3,2
UMMZ,203282,p.formosa,Tamaulipas/MX,Laguna de Champayan,Q1,22.3,-97.8666667,Panuco-Tamesi,Rio Guayalejo,21-07-65,24-08-23,,AD23-083,11,14,6,6,9,14,NA,3,5,NA,39.6,30.8,9.9,5.3,8.9,18,6.2,7.9,6.1,5.3,2.5,2.7,1
TNHC,42742,p.formosa,Gonzales/TX,Palmetto State Park,Q3,29.5904,-97.585,Guadalupe River,Lower San Marcos River,12-04-64,25-08-23,,AD23-084,12,14,6,6,9,15,NA,3,5,11,43.9,33.6,9.2,6.1,10.5,19,6.9,9,7.9,6.2,3,3,2
TNHC,42742,p.formosa,Gonzales/TX,Palmetto State Park,Q3,29.5904,-97.585,Guadalupe River,Lower San Marcos River,12-04-64,25-08-23,,AD23-085,11,13,6,6,10,14,24,3,5,10,34.4,26.6,6.7,4.4,7.4,15.1,6.3,6.8,5.5,4.4,2.3,2.3,2
TNHC,42742,p.formosa,Gonzales/TX,Palmetto State Park,Q3,29.5904,-97.585,Guadalupe River,Lower San Marcos River,12-04-64,25-08-23,,AD23-086,12,14,6,6,10,14,23,3,4,10,43.5,33,10.1,5.9,9.7,18.8,7.5,10.2,8.3,6.4,2.8,2.9,1
TNHC,42742,p.formosa,Gonzales/TX,Palmetto State Park,Q3,29.5904,-97.585,Guadalupe River,Lower San Marcos River,12-04-64,25-08-23,,AD23-087,13,15,6,6,10,15,24,3,5,9,40.8,31.4,8.6,5.8,10.1,16.9,6.2,9,6.6,5.3,2.9,3,1
TNHC,42742,p.formosa,Gonzales/TX,Palmetto State Park,Q3,29.5904,-97.585,Guadalupe River,Lower San Marcos River,12-04-64,25-08-23,,AD23-088,12,14,6,6,10,15,24,3,5,10,51.1,38.3,11.1,6.7,11.7,21.8,8.3,9.5,8.7,6.9,2.8,3.1,2
TNHC,42742,p.formosa,Gonzales/TX,Palmetto State Park,Q3,29.5904,-97.585,Guadalupe River,Lower San Marcos River,12-04-64,25-08-23,,AD23-089,12,14,6,6,10,14,23,3,4,,44.2,33.9,9.7,6.1,9.4,19,7.7,9,7.6,6.3,2.7,2.7,1
TNHC,42742,p.formosa,Gonzales/TX,Palmetto State Park,Q3,29.5904,-97.585,Guadalupe River,Lower San Marcos River,12-04-64,25-08-23,,AD23-090,13,14,6,6,10,14,24,3,5,9,39.1,30.3,9.2,5.5,9.3,17.2,6.2,7.8,6.7,5.8,2.7,2.7,1
TNHC,42742,p.formosa,Gonzales/TX,Palmetto State Park,Q3,29.5904,-97.585,Guadalupe River,Lower San Marcos River,12-04-64,25-08-23,,AD23-091,12,14,6,6,10,14,24,3,4,10,35.9,27.6,7.3,4.6,8.1,15.8,5.8,7.1,5.6,4.7,2.3,2.5,1
TNHC,42742,p.formosa,Gonzales/TX,Palmetto State Park,Q3,29.5904,-97.585,Guadalupe River,Lower San Marcos River,12-04-64,25-08-23,,AD23-092,13,14,6,6,10,14,24,3,5,9,38.7,29.7,8.6,5.2,9.6,16.5,6.4,7.6,6.6,5.3,2.4,2.8,1
TNHC,42742,p.formosa,Gonzales/TX,Palmetto State Park,Q3,29.5904,-97.585,Guadalupe River,Lower San Marcos River,12-04-64,25-08-23,,AD23-093,12,14,6,6,9,14,24,3,5,9,35.2,28,7.7,4.7,8.5,14.9,5.6,7.5,6.1,4.6,2.3,2.6,1
TNHC,42742,p.formosa,Gonzales/TX,Palmetto State Park,Q3,29.5904,-97.585,Guadalupe River,Lower San Marcos River,12-04-64,25-08-23,,AD23-094,12,15,6,6,9,15,23,3,4,10,43.6,34.1,9.7,6.1,11.6,19,7.4,9.2,7.1,5.8,2.3,2.7,1
TNHC,42742,p.formosa,Gonzales/TX,Palmetto State Park,Q3,29.5904,-97.585,Guadalupe River,Lower San Marcos River,12-04-64,25-08-23,,AD23-095,13,15,6,6,10,14,25,3,5,9,41.9,32.2,8.6,5.6,10.4,17.6,6.4,8.2,7.2,5.6,2.3,2.8,2
TNHC,42742,p.formosa,Gonzales/TX,Palmetto State Park,Q3,29.5904,-97.585,Guadalupe River,Lower San Marcos River,12-04-64,25-08-23,,AD23-096,12,14,6,6,10,14,NA,3,5,10,34.7,26.8,7.6,4.7,7.6,15.4,5.5,6.8,5.5,4.8,2.7,2.8,1
TNHC,42742,p.formosa,Gonzales/TX,Palmetto State Park,Q3,29.5904,-97.585,Guadalupe River,Lower San Marcos River,12-04-64,25-08-23,,AD23-097,13,14,6,6,10,14,24,3,5,9,39.5,30.5,9,5.5,9.1,16.5,6.5,8.1,6.6,5.5,2.8,2.9,1
TNHC,42742,p.formosa,Gonzales/TX,Palmetto State Park,Q3,29.5904,-97.585,Guadalupe River,Lower San Marcos River,12-04-64,25-08-23,,AD23-098,12,14,6,6,10,15,23,3,5,9,39.6,31.4,8.5,5.3,9.6,17,7.5,8.5,6.4,5.4,2.9,3,2
TNHC,42742,p.formosa,Gonzales/TX,Palmetto State Park,Q3,29.5904,-97.585,Guadalupe River,Lower San Marcos River,12-04-64,25-08-23,,AD23-099,12,14,6,6,10,14,23,3,5,9,44.5,34.1,9.7,6.5,10.7,18.8,7.1,8.5,7.4,6.1,2.6,3,1
TNHC,42742,p.formosa,Gonzales/TX,Palmetto State Park,Q3,29.5904,-97.585,Guadalupe River,Lower San Marcos River,12-04-64,25-08-23,,AD23-100,12,14,6,6,9,14,23,3,5,10,34.7,27.4,7.3,4.5,8.1,15.6,6,6.6,5.5,4.9,2.3,2.7,1
TNHC,42742,p.formosa,Gonzales/TX,Palmetto State Park,Q3,29.5904,-97.585,Guadalupe River,Lower San Marcos River,12-04-64,25-08-23,,AD23-101,13,14,6,6,10,14,24,3,6,9,48.3,29.2,7.9,5.5,8.5,16.5,6.9,8,6.6,5.2,2.4,3,1
TNHC,40739,p.formosa,Hays/TX,"Section 12, Cell 336",Q4,29.8617,-97.9229,Guadalupe River,Upper San Marcos River,26-04-95,29-08-23,,AD23-102,13,14,6,6,10,14,24,3,6,10,65.9,51.3,19.3,10,15,28.9,12.4,12.2,11.7,9.4,3.5,3.9,1
TNHC,40739,p.formosa,Hays/TX,"Section 12, Cell 337",Q4,29.8617,-97.9229,Guadalupe River,Upper San Marcos River,26-04-95,29-08-23,,AD23-103,12,15,6,6,10,15,24,3,5,10,66.6,51.1,15.3,9.2,16,29.1,11,13.8,10.5,9.1,3.8,4,1
TNHC,40739,p.formosa,Hays/TX,"Section 12, Cell 338",Q4,29.8617,-97.9229,Guadalupe River,Upper San Marcos River,26-04-95,29-08-23,,AD23-104,12,15,6,6,10,15,23,3,5,9,64.9,50.1,15.8,9.4,15.6,29.4,11.5,10.8,10.1,8.6,3.6,3.9,1
TNHC,40739,p.formosa,Hays/TX,"Section 12, Cell 339",Q4,29.8617,-97.9229,Guadalupe River,Upper San Marcos River,26-04-95,29-08-23,,AD23-105,12,14,6,6,9,14,25,3,5,10,63.7,48.7,15.9,9.1,15.1,27.6,10.3,12.9,10.4,8.8,3.6,3.8,1
TNHC,40739,p.formosa,Hays/TX,"Section 12, Cell 340",Q4,29.8617,-97.9229,Guadalupe River,Upper San Marcos River,26-04-95,29-08-23,,AD23-106,12,14,6,6,10,14,25,3,5,10,55.8,43.2,15,7.9,13.6,24.5,9,10.6,9.2,8.1,2.8,3.5,1
TNHC,40739,p.formosa,Hays/TX,"Section 12, Cell 341",Q4,29.8617,-97.9229,Guadalupe River,Upper San Marcos River,26-04-95,29-08-23,,AD23-107,12,13,6,6,9,13,22,3,5,10,54,41.4,14.8,7.5,12.6,24.7,9.5,10.3,9.4,7.4,3.2,3.4,1
TNHC,39176,p.formosa,Hays/TX,San Marcos River below Hwy 35 Bridge,Q4,29.8639,-97.9266,Guadalupe River,Upper San Marcos River,15-04-67,29-08-23,,AD23-108,11,15,6,6,9,15,25,3,4,10,64.9,51.5,17.9,9.4,16.7,29.6,9,13.5,11.3,8.8,3.4,4,1
TNHC,39176,p.formosa,Hays/TX,San Marcos River below Hwy 35 Bridge,Q4,29.8639,-97.9266,Guadalupe River,Upper San Marcos River,15-04-67,29-08-23,,AD23-109,11,15,6,6,9,14,24,3,4,10,50,38.5,12.4,6.8,11.8,21.9,8.2,1,8.3,6.5,2.6,3.3,2
TNHC,39176,p.formosa,Hays/TX,San Marcos River below Hwy 35 Bridge,Q4,29.8639,-97.9266,Guadalupe River,Upper San Marcos River,15-04-67,29-08-23,,AD23-110,11,14,6,6,9,13,24,3,5,10,43.3,34.1,11,6.2,9.4,18.9,7.4,8.6,7.3,5.2,2.5,2.8,2
TNHC,39176,p.formosa,Hays/TX,San Marcos River below Hwy 35 Bridge,Q4,29.8639,-97.9266,Guadalupe River,Upper San Marcos River,15-04-67,29-08-23,,AD23-111,11,15,6,6,9,14,24,3,5,10,50.1,38.5,12.5,7.2,11.1,23.2,7.9,10.4,8.6,6.9,3.2,3,2
TNHC,39176,p.formosa,Hays/TX,San Marcos River below Hwy 35 Bridge,Q4,29.8639,-97.9266,Guadalupe River,Upper San Marcos River,15-04-67,29-08-23,,AD23-112,12,14,6,6,9,14,24,3,6,10,48.4,38,12.2,7,10.8,22.8,7.5,8.7,7.9,6.3,3,3.5,1
TNHC,39176,p.formosa,Hays/TX,San Marcos River below Hwy 35 Bridge,Q4,29.8639,-97.9266,Guadalupe River,Upper San Marcos River,15-04-67,29-08-23,,AD23-113,12,15,6,6,9,15,24,3,5,10,41.6,33,10.3,5.5,10.1,18.7,6.9,8.4,7.3,5.5,2.6,3.1,1
TNHC,42225,p.formosa,Hays/TX,"San Marcos River, Ria Vista",Q4,29.8809,-97.9342,Guadalupe River,Upper San Marcos River,08-02-79,29-08-23,,AD23-114,NA,14,6,6,9,14,24,3,5,10,27.6,22.1,6.5,3.5,6.3,12.7,4.7,5.8,4.7,3.8,1.7,2.4,1
TNHC,42225,p.formosa,Hays/TX,"San Marcos River, Ria Vista",Q4,29.8809,-97.9342,Guadalupe River,Upper San Marcos River,08-02-79,29-08-23,,AD23-115,12,15,6,6,9,15,24,3,5,NA,36.7,29.1,9.4,4.2,9.2,17,5.4,7.8,6.1,5.1,2.5,2.7,1
TNHC,42225,p.formosa,Hays/TX,"San Marcos River, Ria Vista",Q4,29.8809,-97.9342,Guadalupe River,Upper San Marcos River,08-02-79,29-08-23,,AD23-116,12,14,6,6,9,14,24,3,5,10,45.5,35.1,11.2,6.3,9.5,20.7,7.5,9,7.6,7,2.6,3,1
TNHC,42225,p.formosa,Hays/TX,"San Marcos River, Ria Vista",Q4,29.8809,-97.9342,Guadalupe River,Upper San Marcos River,08-02-79,29-08-23,,AD23-117,12,14,6,6,9,14,25,3,5,10,42.7,31.8,10.9,5.7,9.6,19.5,6.8,8.5,6.6,6,2.5,3,1
TNHC,42225,p.formosa,Hays/TX,"San Marcos River, Ria Vista",Q4,29.8809,-97.9342,Guadalupe River,Upper San Marcos River,08-02-79,29-08-23,,AD23-118,11,14,6,6,9,14,24,3,5,10,10.8,31.5,9.1,6.5,9.2,18.7,6.5,8.5,7.5,6,2.5,3.2,1
TNHC,42225,p.formosa,Hays/TX,"San Marcos River, Ria Vista",Q4,29.8809,-97.9342,Guadalupe River,Upper San Marcos River,08-02-79,29-08-23,,AD23-119,12,14,6,6,9,14,24,3,5,10,37.6,29,9.4,4.5,9,15.7,5.4,7.4,6.8,4.7,2.2,2.6,1
UMMZ,203283,p.mexicana,Tamaulipas/MX,"Laguna Champayan, East Of Altamira, Km 132 On Hwy 80",Q1,22.3,-97.8666667,Panuco-Tamesi,Rio Guayalejo,21-07-65,09-11-23,,AD23-160,10,16,6,6,10,16,26,3,6,13,35.6,28,8.2,4.3,8,17.7,3.5,7.4,5.7,5.4,2.3,2.6,1
UMMZ,203283,p.mexicana,Tamaulipas/MX,"Laguna Champayan, East Of Altamira, Km 132 On Hwy 81",Q1,22.3,-97.8666667,Panuco-Tamesi,Rio Guayalejo,21-07-65,09-11-23,,AD23-161,10,15,6,6,9,15,25,3,5,12,39.8,31.5,9.4,5.4,9.6,20.3,4.4,6.6,6.6,6.1,2.6,3,1
UMMZ,203283,p.mexicana,Tamaulipas/MX,"Laguna Champayan, East Of Altamira, Km 132 On Hwy 82",Q1,22.3,-97.8666667,Panuco-Tamesi,Rio Guayalejo,21-07-65,09-11-23,,AD23-162,10,16,6,6,10,16,26,3,5,12,44.7,35.5,10.6,5.4,11,21.8,4,7.1,5.7,6.6,2.6,2.8,1
UMMZ,203283,p.mexicana,Tamaulipas/MX,"Laguna Champayan, East Of Altamira, Km 132 On Hwy 83",Q1,22.3,-97.8666667,Panuco-Tamesi,Rio Guayalejo,21-07-65,09-11-23,,AD23-163,10,15,6,6,10,15,25,3,5,12,42.8,33.1,8.8,5.4,10.2,20.5,4.2,7,6.8,5.7,3,3,1
UMMZ,203283,p.mexicana,Tamaulipas/MX,"Laguna Champayan, East Of Altamira, Km 132 On Hwy 84",Q1,22.3,-97.8666667,Panuco-Tamesi,Rio Guayalejo,21-07-65,09-11-23,,AD23-164,10,14,6,6,10,14,26,3,5,12,45.4,35.8,9.5,5.5,11.4,22.9,4.3,7.8,7.3,6.1,2.8,3.2,1
UMMZ,203283,p.mexicana,Tamaulipas/MX,"Laguna Champayan, East Of Altamira, Km 132 On Hwy 85",Q1,22.3,-97.8666667,Panuco-Tamesi,Rio Guayalejo,21-07-65,09-11-23,,AD23-165,10,15,6,6,9,15,25,3,5,11,39.8,31.7,8.9,5,10.5,19.4,4.4,7,6.4,6,2.6,2.7,1
UMMZ,203283,p.mexicana,Tamaulipas/MX,"Laguna Champayan, East Of Altamira, Km 132 On Hwy 86",Q1,22.3,-97.8666667,Panuco-Tamesi,Rio Guayalejo,21-07-65,09-11-23,,AD23-166,9,15,6,6,10,15,25,3,5,12,40.3,32.3,10.1,4.9,9.5,10.4,4,7.7,6.4,5.8,3,3,1
UMMZ,203283,p.mexicana,Tamaulipas/MX,"Laguna Champayan, East Of Altamira, Km 132 On Hwy 87",Q1,22.3,-97.8666667,Panuco-Tamesi,Rio Guayalejo,21-07-65,09-11-23,,AD23-167,10,15,6,6,10,15,26,3,5,12,38.1,29.9,8.7,4.7,8.9,18.1,4,7,6,5.6,2.8,2.7,1
UMMZ,203283,p.mexicana,Tamaulipas/MX,"Laguna Champayan, East Of Altamira, Km 132 On Hwy 88",Q1,22.3,-97.8666667,Panuco-Tamesi,Rio Guayalejo,21-07-65,09-11-23,,AD23-168,9,14,6,6,9,14,24,3,5,10,42.4,33.6,9.5,5.1,10.6,20.5,4.4,7.3,5.9,6,2.6,2.8,1
UMMZ,203283,p.mexicana,Tamaulipas/MX,"Laguna Champayan, East Of Altamira, Km 132 On Hwy 89",Q1,22.3,-97.8666667,Panuco-Tamesi,Rio Guayalejo,21-07-65,09-11-23,,AD23-169,9,14,6,6,10,15,26,3,5,NA,42.2,34,9.2,5.3,9,22.3,4.5,7.4,6.8,5.6,3.1,3.1,2
UMMZ,203283,p.mexicana,Tamaulipas/MX,"Laguna Champayan, East Of Altamira, Km 132 On Hwy 90",Q1,22.3,-97.8666667,Panuco-Tamesi,Rio Guayalejo,21-07-65,09-11-23,,AD23-170,10,14,6,6,10,14,25,3,5,11,48,38.4,10.1,6.4,11.5,24,5,8.5,7.4,6.9,3.5,3.5,1
UMMZ,203283,p.mexicana,Tamaulipas/MX,"Laguna Champayan, East Of Altamira, Km 132 On Hwy 91",Q1,22.3,-97.8666667,Panuco-Tamesi,Rio Guayalejo,21-07-65,09-11-23,,AD23-171,10,15,6,6,10,15,26,3,5,11,50.1,39,11.4,6.6,12.5,24.3,5.5,9.1,7.7,7.2,3.5,3.3,1
UMMZ,203283,p.mexicana,Tamaulipas/MX,"Laguna Champayan, East Of Altamira, Km 132 On Hwy 92",Q1,22.3,-97.8666667,Panuco-Tamesi,Rio Guayalejo,21-07-65,09-11-23,,AD23-172,10,15,6,6,10,15,25,3,5,11,40.1,30.8,8.4,4.6,8.6,19.5,4.4,7.5,6.5,5.7,2.7,2.8,1
UMMZ,203283,p.mexicana,Tamaulipas/MX,"Laguna Champayan, East Of Altamira, Km 132 On Hwy 93",Q1,22.3,-97.8666667,Panuco-Tamesi,Rio Guayalejo,21-07-65,09-11-23,,AD23-173,9,14,6,6,9,15,25,3,5,11,37.5,29.6,7.4,4.1,9.1,18,4,7.1,5.4,5.4,2.5,2.7,2
UMMZ,203283,p.mexicana,Tamaulipas/MX,"Laguna Champayan, East Of Altamira, Km 132 On Hwy 94",Q1,22.3,-97.8666667,Panuco-Tamesi,Rio Guayalejo,21-07-65,09-11-23,,AD23-174,10,14,6,6,9,14,24,3,5,NA,40.7,32,8.8,4.9,10.1,20.1,5.5,8.7,6.6,5.8,3.1,3.2,1
UMMZ,203283,p.mexicana,Tamaulipas/MX,"Laguna Champayan, East Of Altamira, Km 132 On Hwy 95",Q1,22.3,-97.8666667,Panuco-Tamesi,Rio Guayalejo,21-07-65,09-11-23,,AD23-175,10,15,6,6,10,15,26,3,5,11,38.5,30.4,8.8,5.4,9.7,18.5,4,7.1,6.3,5.6,2.8,2.9,1
UMMZ,203275,p.mexicana,Tamaulipas/MX,"Laguna De Puerta, Hwy 80 Between Tampico And Altamira",Q1,22.3,-97.9166667,Panuco-Tamesi,Rio Guayalejo,21-07-65,14-11-23,,AD23-176,10,15,6,6,10,15,26,3,5,11,57.2,46.3,11.5,7.2,15.5,27.6,5.9,10,9,8,3.1,4.1,1
UMMZ,203275,p.mexicana,Tamaulipas/MX,"Laguna De Puerta, Hwy 80 Between Tampico And Altamira",Q1,22.3,-97.9166667,Panuco-Tamesi,Rio Guayalejo,21-07-65,14-11-23,,AD23-177,10,14,6,6,9,14,26,4,4,11,59.4,47.1,14,6.9,14.4,28.8,5.2,10.5,8.5,8.2,4.1,4.1,1
UMMZ,203275,p.mexicana,Tamaulipas/MX,"Laguna De Puerta, Hwy 80 Between Tampico And Altamira",Q1,22.3,-97.9166667,Panuco-Tamesi,Rio Guayalejo,21-07-65,14-11-23,,AD23-178,10,14,6,6,10,14,26,3,5,11,52.5,41.1,11,6.7,11.7,26.6,5.5,9.5,8.1,7.6,3,3.6,1
UMMZ,203275,p.mexicana,Tamaulipas/MX,"Laguna De Puerta, Hwy 80 Between Tampico And Altamira",Q1,22.3,-97.9166667,Panuco-Tamesi,Rio Guayalejo,21-07-65,14-11-23,,AD23-179,10,14,6,6,10,14,26,3,6,11,50.9,39.4,12,7,11.6,24.9,4.9,9.5,7.5,7.5,2.9,3.6,1
UMMZ,203275,p.mexicana,Tamaulipas/MX,"Laguna De Puerta, Hwy 80 Between Tampico And Altamira",Q1,22.3,-97.9166667,Panuco-Tamesi,Rio Guayalejo,21-07-65,14-11-23,,AD23-180,10,13,6,6,9,14,26,4,5,12,51.5,40.4,13.6,6.5,12,26.6,4.7,8.7,7.7,7.8,3.3,3.5,2
UMMZ,203275,p.mexicana,Tamaulipas/MX,"Laguna De Puerta, Hwy 80 Between Tampico And Altamira",Q1,22.3,-97.9166667,Panuco-Tamesi,Rio Guayalejo,21-07-65,14-11-23,,AD23-181,10,16,6,6,9,15,25,3,5,NA,52.5,42.7,12.9,6.7,12.4,26.2,5.4,9.3,8.2,7.5,2.6,3.8,2
UMMZ,203275,p.mexicana,Tamaulipas/MX,"Laguna De Puerta, Hwy 80 Between Tampico And Altamira",Q1,22.3,-97.9166667,Panuco-Tamesi,Rio Guayalejo,21-07-65,14-11-23,,AD23-182,10,15,6,6,10,15,27,3,5,11,40.1,40,12.5,5.6,11.4,15.3,4.6,9.3,8.1,7.4,2.6,3.3,1
UMMZ,203275,p.mexicana,Tamaulipas/MX,"Laguna De Puerta, Hwy 80 Between Tampico And Altamira",Q1,22.3,-97.9166667,Panuco-Tamesi,Rio Guayalejo,21-07-65,14-11-23,,AD23-183,10,15,6,6,10,15,25,3,5,11,53.6,42.5,13.3,7.3,13.2,26.6,4.9,9.3,7.5,8.2,2.3,4,1
UMMZ,203275,p.mexicana,Tamaulipas/MX,"Laguna De Puerta, Hwy 80 Between Tampico And Altamira",Q1,22.3,-97.9166667,Panuco-Tamesi,Rio Guayalejo,21-07-65,14-11-23,,AD23-184,10,13,6,6,10,13,26,3,5,11,54.4,42.8,13.2,6.7,13.1,26.8,5.8,9.1,9.3,8.2,3.2,3.7,1
UMMZ,203275,p.mexicana,Tamaulipas/MX,"Laguna De Puerta, Hwy 80 Between Tampico And Altamira",Q1,22.3,-97.9166667,Panuco-Tamesi,Rio Guayalejo,21-07-65,14-11-23,,AD23-185,10,16,6,6,10,15,26,3,5,12,57.4,45,13.8,7.4,13.1,28,6.5,9.4,8.2,8.1,3.2,3.8,2
UMMZ,203275,p.mexicana,Tamaulipas/MX,"Laguna De Puerta, Hwy 80 Between Tampico And Altamira",Q1,22.3,-97.9166667,Panuco-Tamesi,Rio Guayalejo,21-07-65,16-11-23,,AD23-186,10,15,6,6,10,14,27,3,5,11,51.3,41.3,13.1,6.5,12.5,25.1,4.4,8.9,8.4,7.5,3.6,3.6,2
UMMZ,203275,p.mexicana,Tamaulipas/MX,"Laguna De Puerta, Hwy 80 Between Tampico And Altamira",Q1,22.3,-97.9166667,Panuco-Tamesi,Rio Guayalejo,21-07-65,16-11-23,,AD23-187,10,14,6,6,10,14,25,3,5,NA,60.2,47.7,14.4,7.5,13.3,29.8,5.4,10,8.7,8.9,3.2,2.8,1
UMMZ,203275,p.mexicana,Tamaulipas/MX,"Laguna De Puerta, Hwy 80 Between Tampico And Altamira",Q1,22.3,-97.9166667,Panuco-Tamesi,Rio Guayalejo,21-07-65,16-11-23,,AD23-188,10,15,6,6,10,15,26,3,5,11,53.9,43.1,14.1,6.5,14,27,5.7,9.6,8.2,7.6,3.3,3.6,1
UMMZ,203275,p.mexicana,Tamaulipas/MX,"Laguna De Puerta, Hwy 80 Between Tampico And Altamira",Q1,22.3,-97.9166667,Panuco-Tamesi,Rio Guayalejo,21-07-65,16-11-23,,AD23-189,10,15,6,6,9,15,26,3,4,11,51.5,41.5,12,6.5,12.5,26.5,3.9,8.9,7.8,8.2,2.6,3.2,1
UMMZ,203275,p.mexicana,Tamaulipas/MX,"Laguna De Puerta, Hwy 80 Between Tampico And Altamira",Q1,22.3,-97.9166667,Panuco-Tamesi,Rio Guayalejo,21-07-65,16-11-23,,AD23-190,10,14,6,6,10,14,26,3,4,12,52.5,41.3,13.2,6.8,12.5,26.5,5.4,8.5,8.1,8.1,2.6,3.5,1
UMMZ,203275,p.mexicana,Tamaulipas/MX,"Laguna De Puerta, Hwy 80 Between Tampico And Altamira",Q1,22.3,-97.9166667,Panuco-Tamesi,Rio Guayalejo,21-07-65,16-11-23,,AD23-191,10,14,6,6,10,14,25,3,5,12,47.5,38.5,13.2,5.5,11.1,23.6,5.2,8.1,8,7.4,2.7,3.3,1
UMMZ,203275,p.mexicana,Tamaulipas/MX,"Laguna De Puerta, Hwy 80 Between Tampico And Altamira",Q1,22.3,-97.9166667,Panuco-Tamesi,Rio Guayalejo,21-07-65,16-11-23,,AD23-192,10,15,6,6,10,15,26,3,5,11,46.6,36.8,11.3,6.5,11.5,23.1,3.9,8.3,7.2,7.2,2.7,3.1,1
UMMZ,203275,p.mexicana,Tamaulipas/MX,"Laguna De Puerta, Hwy 80 Between Tampico And Altamira",Q1,22.3,-97.9166667,Panuco-Tamesi,Rio Guayalejo,21-07-65,16-11-23,,AD23-193,10,15,6,6,9,15,25,3,5,12,43.8,35.2,9.6,6.5,10.9,21.3,6,8.6,7.3,6.8,2.5,3.1,1
UMMZ,203275,p.mexicana,Tamaulipas/MX,"Laguna De Puerta, Hwy 80 Between Tampico And Altamira",Q1,22.3,-97.9166667,Panuco-Tamesi,Rio Guayalejo,21-07-65,16-11-23,,AD23-194,10,15,6,6,10,15,26,3,5,12,46.3,36.4,11.2,5.4,12,23.8,4.4,8.2,7.8,7.5,2.7,3,1
UMMZ,203275,p.mexicana,Tamaulipas/MX,"Laguna De Puerta, Hwy 80 Between Tampico And Altamira",Q1,22.3,-97.9166667,Panuco-Tamesi,Rio Guayalejo,21-07-65,16-11-23,,AD23-195,10,14,6,6,10,14,26,3,4,11,55.2,43.2,13.9,7.2,14,27.1,5.8,9.8,8.6,8,3.4,3.6,1
